state,district,total_enrol,avg_enrol,std_enrol,age_0_5,age_5_17,age_18_plus,pincodes,cluster,cluster_name
100000,100000,195,13.928571428571429,42.37645261538224,0,1,194,1,3,Underserved Region
Andaman & Nicobar Islands,Andamans,31,1.1481481481481481,0.3620139928982457,26,5,0,7,3,Underserved Region
Andaman & Nicobar Islands,Nicobars,1,1.0,0.0,1,0,0,1,3,Underserved Region
Andaman & Nicobar Islands,South Andaman,21,1.1666666666666667,0.3834824944236852,21,0,0,6,3,Underserved Region
Andaman And Nicobar Islands,Nicobar,57,2.590909090909091,2.2180877845372624,47,10,0,4,3,Underserved Region
Andaman And Nicobar Islands,North And Middle Andaman,74,1.48,0.677329690921697,71,3,0,7,3,Underserved Region
Andaman And Nicobar Islands,South Andaman,97,1.3661971830985915,0.591352846560164,86,11,0,10,3,Underserved Region
Andhra Pradesh,Adilabad,946,1.8882235528942115,1.4168560399434205,719,226,1,44,3,Underserved Region
Andhra Pradesh,Alluri Sitharama Raju,698,1.9606741573033708,1.3670668077704684,571,94,33,36,3,Underserved Region
Andhra Pradesh,Anakapalli,272,1.3737373737373737,0.7207702955881331,254,10,8,37,3,Underserved Region
Andhra Pradesh,Anantapur,2459,2.002442996742671,1.5296559507406648,2179,280,0,91,1,Growing Region
Andhra Pradesh,Ananthapur,1012,1.5240963855421688,0.8663427209556436,890,122,0,91,1,Growing Region
Andhra Pradesh,Ananthapuramu,1648,1.8663646659116648,1.4468007675462127,1513,125,10,92,1,Growing Region
Andhra Pradesh,Annamayya,617,1.685792349726776,1.2571615345239118,484,44,89,46,3,Underserved Region
Andhra Pradesh,Bapatla,293,1.279475982532751,0.5701397840215503,230,47,16,53,1,Growing Region
Andhra Pradesh,Chittoor,4920,2.7455357142857144,2.482317621439654,4337,542,41,100,1,Growing Region
Andhra Pradesh,Cuddapah,3424,2.488372093023256,2.148964055452744,3079,343,2,80,1,Growing Region
Andhra Pradesh,Dr. B. R. Ambedkar Konaseema,360,1.2765957446808511,0.5735124093538824,318,26,16,52,1,Growing Region
Andhra Pradesh,East Godavari,4353,2.1120815138282385,1.6879224275740892,3935,408,10,147,1,Growing Region
Andhra Pradesh,Eluru,377,1.286689419795222,0.5907914610671586,324,38,15,61,1,Growing Region
Andhra Pradesh,Guntur,6006,2.8518518518518516,2.443448536298265,5241,731,34,108,1,Growing Region
Andhra Pradesh,Hyderabad,3375,3.196022727272727,3.026020378679628,2587,787,1,64,1,Growing Region
Andhra Pradesh,K.V. Rangareddy,15,1.0714285714285714,0.2672612419124244,12,3,0,11,3,Underserved Region
Andhra Pradesh,K.V.Rangareddy,52,1.1063829787234043,0.31166052833390545,40,12,0,23,3,Underserved Region
Andhra Pradesh,Kakinada,537,1.5386819484240688,0.9045348612514509,444,67,26,37,3,Underserved Region
Andhra Pradesh,Karim Nagar,64,1.2307692307692308,0.509339619175793,53,11,0,23,3,Underserved Region
Andhra Pradesh,Karimnagar,410,1.2933753943217665,0.5673502934418855,328,82,0,66,1,Growing Region
Andhra Pradesh,Khammam,702,1.536105032822757,0.878163787722268,500,202,0,58,1,Growing Region
Andhra Pradesh,Krishna,3984,2.2989036353144834,1.9022242840558181,3503,449,32,111,1,Growing Region
Andhra Pradesh,Kurnool,7641,3.73825831702544,3.402582316673171,6900,717,24,86,1,Growing Region
Andhra Pradesh,Mahabub Nagar,969,1.8598848368522074,1.2517461596707244,667,302,0,58,1,Growing Region
Andhra Pradesh,Mahabubnagar,7,1.0,0.0,7,0,0,7,3,Underserved Region
Andhra Pradesh,Mahbubnagar,486,1.4594594594594594,0.8263410107044166,335,151,0,57,1,Growing Region
Andhra Pradesh,Medak,882,1.68,1.0756145057061541,702,179,1,67,1,Growing Region
Andhra Pradesh,N. T. R,546,1.5734870317002883,1.0098876499803244,426,80,40,39,3,Underserved Region
Andhra Pradesh,Nalgonda,727,1.5337552742616034,0.8198900503967379,553,174,0,57,1,Growing Region
Andhra Pradesh,Nandyal,483,1.509375,0.9632297339555997,443,34,6,49,3,Underserved Region
Andhra Pradesh,Nellore,3343,2.415462427745665,2.0223103244751655,2766,575,2,79,1,Growing Region
Andhra Pradesh,Nizamabad,324,1.6119402985074627,1.0856595766712098,261,63,0,44,3,Underserved Region
Andhra Pradesh,Palnadu,467,1.58843537414966,0.9332695660097152,375,67,25,42,3,Underserved Region
Andhra Pradesh,Parvathipuram Manyam,270,1.4438502673796791,0.6962280393922309,234,28,8,26,3,Underserved Region
Andhra Pradesh,Prakasam,4704,2.518201284796574,5.703172946566246,3728,918,58,100,1,Growing Region
Andhra Pradesh,Rangareddi,1168,1.9830220713073006,1.5539231789604873,886,282,0,59,1,Growing Region
Andhra Pradesh,Spsr Nellore,2183,136.4375,83.94281287479788,1167,713,303,14,3,Underserved Region
Andhra Pradesh,Sri Potti Sriramulu Nellore,1177,1.907617504051864,1.7196978544506585,412,512,253,69,1,Growing Region
Andhra Pradesh,Sri Sathya Sai,462,1.434782608695652,0.8186502735300379,410,33,19,48,3,Underserved Region
Andhra Pradesh,Srikakulam,2339,2.073581560283688,1.4932241905145849,2215,116,8,66,1,Growing Region
Andhra Pradesh,Tirupati,1264,2.3150183150183152,2.5086334778658768,471,582,211,59,1,Growing Region
Andhra Pradesh,Visakhapatanam,226,226.0,0.0,186,28,12,1,3,Underserved Region
Andhra Pradesh,Visakhapatnam,4589,2.6633778293673824,2.1820137878047867,4190,372,27,90,1,Growing Region
Andhra Pradesh,Vizianagaram,2064,2.057826520438684,1.497384966646146,1923,138,3,67,1,Growing Region
Andhra Pradesh,Warangal,663,1.460352422907489,0.8121406912939934,517,146,0,68,1,Growing Region
Andhra Pradesh,West Godavari,3245,1.9738442822384428,1.3981718574596769,2947,276,22,115,1,Growing Region
Andhra Pradesh,Y. S. R,483,1.5141065830721003,0.9209076060023641,406,48,29,57,1,Growing Region
Arunachal Pradesh,Anjaw,31,2.2142857142857144,1.05090228108783,20,8,3,1,3,Underserved Region
Arunachal Pradesh,Changlang,722,5.553846153846154,6.386834251731732,429,280,13,7,3,Underserved Region
Arunachal Pradesh,Dibang Valley,6,1.2,0.4472135954999579,3,3,0,2,3,Underserved Region
Arunachal Pradesh,East Kameng,135,3.292682926829268,2.908985239211643,67,54,14,2,3,Underserved Region
Arunachal Pradesh,East Siang,121,2.630434782608696,1.5966450332866227,55,64,2,2,3,Underserved Region
Arunachal Pradesh,Kamle,25,2.0833333333333335,1.928651593652148,3,20,2,1,3,Underserved Region
Arunachal Pradesh,Kra Daadi,56,2.6666666666666665,1.390443574307614,15,37,4,1,3,Underserved Region
Arunachal Pradesh,Kurung Kumey,56,2.5454545454545454,2.5769541401997516,15,29,12,1,3,Underserved Region
Arunachal Pradesh,Leparada,3,1.0,0.0,0,2,1,1,3,Underserved Region
Arunachal Pradesh,Lohit,116,2.32,2.2263725415746465,68,47,1,5,3,Underserved Region
Arunachal Pradesh,Longding,832,16.0,55.02334620368866,124,672,36,3,3,Underserved Region
Arunachal Pradesh,Lower Dibang Valley,64,2.4615384615384617,1.3335897189396513,30,32,2,1,3,Underserved Region
Arunachal Pradesh,Lower Siang,24,1.411764705882353,0.7122871199007256,9,12,3,3,3,Underserved Region
Arunachal Pradesh,Lower Subansiri,69,2.090909090909091,1.1555203471714692,35,34,0,2,3,Underserved Region
Arunachal Pradesh,Namsai,87,2.0714285714285716,1.3323893290032802,51,35,1,3,3,Underserved Region
Arunachal Pradesh,Pakke Kessang,3,1.0,0.0,1,1,1,1,3,Underserved Region
Arunachal Pradesh,Papum Pare,286,2.1503759398496243,1.3789337152060195,135,146,5,8,3,Underserved Region
Arunachal Pradesh,Shi-Yomi,23,2.3,1.9465068427541912,7,11,5,1,3,Underserved Region
Arunachal Pradesh,Siang,85,2.8333333333333335,2.6272226496006597,31,50,4,2,3,Underserved Region
Arunachal Pradesh,Tawang,115,2.3,1.9923322401401933,79,29,7,3,3,Underserved Region
Arunachal Pradesh,Tirap,63,1.7027027027027026,1.1270626736212457,34,28,1,5,3,Underserved Region
Arunachal Pradesh,Upper Siang,26,1.4444444444444444,0.7838233761296739,13,12,1,2,3,Underserved Region
Arunachal Pradesh,Upper Subansiri,107,3.242424242424242,2.2364914351264438,53,42,12,1,3,Underserved Region
Arunachal Pradesh,West Kameng,220,2.933333333333333,9.438754689581147,120,82,18,7,3,Underserved Region
Arunachal Pradesh,West Siang,120,2.2222222222222223,1.5861031714362879,69,49,2,4,3,Underserved Region
Assam,Bajali,24,1.0434782608695652,0.20851441405707477,16,7,1,9,3,Underserved Region
Assam,Baksa,3151,6.971238938053097,24.68904737130268,1717,1052,382,24,3,Underserved Region
Assam,Barpeta,12959,14.642937853107345,63.00566634326835,9425,3009,525,26,0,High Activity Hub
Assam,Biswanath,1020,3.3333333333333335,10.546695543403436,581,363,76,16,3,Underserved Region
Assam,Bongaigaon,2615,6.917989417989418,22.219334524599702,1859,548,208,13,3,Underserved Region
Assam,Cachar,15537,9.734962406015038,42.20823798343507,9996,4055,1486,60,0,High Activity Hub
Assam,Charaideo,983,4.292576419213974,11.886413698574183,504,285,194,11,3,Underserved Region
Assam,Chirang,2966,9.536977491961414,51.83675756358555,1740,962,264,14,3,Underserved Region
Assam,Darrang,6963,11.39607201309329,30.29678743378445,3959,1759,1245,19,3,Underserved Region
Assam,Dhemaji,6461,14.818807339449542,50.44557066278299,3582,1734,1145,13,3,Underserved Region
Assam,Dhubri,11342,12.156484458735262,42.09476272141125,7491,3489,362,21,0,High Activity Hub
Assam,Dibrugarh,6357,8.866108786610878,29.511269186521325,3432,1469,1456,29,3,Underserved Region
Assam,Dima Hasao,239,12.578947368421053,36.489444119686766,119,93,27,5,3,Underserved Region
Assam,Goalpara,9226,17.342105263157894,73.78675612951801,6350,2086,790,14,0,High Activity Hub
Assam,Golaghat,10899,15.415841584158416,50.72024787718159,5218,3821,1860,21,0,High Activity Hub
Assam,Hailakandi,4756,8.615942028985508,29.560868935988967,3204,1251,301,21,3,Underserved Region
Assam,Hojai,6466,15.618357487922705,82.32181139108677,4850,1461,155,10,3,Underserved Region
Assam,Jorhat,4149,5.754507628294036,17.2398741556621,2349,974,826,36,3,Underserved Region
Assam,Kamrup,12347,10.272046589018302,44.73649411516717,8287,3080,980,62,0,High Activity Hub
Assam,Kamrup Metro,5113,4.51279788172992,11.023307480107091,2121,1738,1254,41,3,Underserved Region
Assam,Karbi Anglong,7558,11.41691842900302,49.12349639330006,2616,3885,1057,25,3,Underserved Region
Assam,Karimganj,13453,11.842429577464788,40.49435480202199,8337,4523,593,27,0,High Activity Hub
Assam,Kokrajhar,4080,8.482328482328482,37.96067317501373,2120,1450,510,20,3,Underserved Region
Assam,Lakhimpur,6434,10.427876823338735,32.131755960446476,4131,1672,631,17,3,Underserved Region
Assam,Majuli,431,5.192771084337349,22.82834023395486,294,126,11,6,3,Underserved Region
Assam,Marigaon,9885,16.178396072013093,59.80045444791618,6274,2804,807,15,0,High Activity Hub
Assam,Nagaon,11418,9.554811715481172,42.59293867908693,7922,3110,386,38,0,High Activity Hub
Assam,Nalbari,3138,4.628318584070796,9.215645315803183,2140,805,193,32,3,Underserved Region
Assam,North Cachar Hills,912,6.289655172413793,17.678029852435518,407,368,137,7,3,Underserved Region
Assam,Sibsagar,2285,4.402697495183045,15.032707983320549,1212,421,652,32,3,Underserved Region
Assam,Sivasagar,422,105.5,60.67673909058286,204,113,105,3,3,Underserved Region
Assam,Sonitpur,7890,7.03835860838537,27.035944172590483,4541,2383,966,44,1,Growing Region
Assam,South Salmara Mankachar,1214,8.039735099337749,17.606014424887874,855,313,46,4,3,Underserved Region
Assam,Sribhumi,110,1.2359550561797752,0.6034460115587723,67,32,11,24,3,Underserved Region
Assam,Tamulpur District,35,1.206896551724138,0.4122508203948854,12,23,0,5,3,Underserved Region
Assam,Tinsukia,7538,9.602547770700637,32.04059118206939,3304,2612,1622,29,3,Underserved Region
Assam,Udalguri,3889,6.591525423728814,20.325473810339634,2156,1154,579,30,3,Underserved Region
Assam,West Karbi Anglong,1811,15.347457627118644,47.82131576341603,375,947,489,8,3,Underserved Region
Bihar,Araria,14481,16.838372093023256,42.87704126795574,9232,5125,124,19,0,High Activity Hub
Bihar,Arwal,3265,8.002450980392156,27.19205502321951,675,2557,33,19,3,Underserved Region
Bihar,Aurangabad,8712,7.615384615384615,7.184164638232439,2533,6107,72,29,3,Underserved Region
Bihar,Aurangabad(Bh),84,1.3333333333333333,0.5956833971812706,39,45,0,20,3,Underserved Region
Bihar,Banka,9814,9.983723296032553,27.936787454023026,5433,4302,79,32,0,High Activity Hub
Bihar,Begusarai,11586,9.108490566037736,22.946265494821613,7049,4482,55,33,0,High Activity Hub
Bihar,Bhabua,26,1.0833333333333333,0.2823298512866399,11,15,0,9,3,Underserved Region
Bihar,Bhagalpur,19647,14.340875912408759,57.97506964613328,9665,9607,375,34,0,High Activity Hub
Bihar,Bhojpur,11083,6.888129272840273,21.253502246792706,2645,8335,103,41,0,High Activity Hub
Bihar,Buxar,5899,5.738326848249027,5.281428386850691,2081,3758,60,27,3,Underserved Region
Bihar,Darbhanga,13392,7.7815223707147005,12.767233050824412,8391,4934,67,46,0,High Activity Hub
Bihar,East Champaran,27272,13.71830985915493,49.46469489471496,9397,17086,789,39,0,High Activity Hub
Bihar,Gaya,25368,15.795765877957658,61.53554812460521,6219,18717,432,39,0,High Activity Hub
Bihar,Gopalganj,13949,13.464285714285714,59.8637557680637,4897,8860,192,23,0,High Activity Hub
Bihar,Jamui,9694,14.845329249617151,56.443622155076,4845,4690,159,14,0,High Activity Hub
Bihar,Jehanabad,3923,5.777614138438881,13.907268729078645,767,3017,139,21,3,Underserved Region
Bihar,Kaimur (Bhabua),7166,13.887596899224807,54.64983821328444,2731,4351,84,12,3,Underserved Region
Bihar,Katihar,14773,13.393472348141433,25.211145250234225,10107,4553,113,23,0,High Activity Hub
Bihar,Khagaria,7312,9.989071038251366,9.43433730262386,3868,3378,66,15,3,Underserved Region
Bihar,Kishanganj,8029,18.289293849658314,17.12766058931488,6366,1640,23,9,3,Underserved Region
Bihar,Lakhisarai,5688,14.65979381443299,75.28425191236141,2443,3178,67,13,3,Underserved Region
Bihar,Madhepura,8122,10.02716049382716,10.255174609236457,4118,3966,38,21,3,Underserved Region
Bihar,Madhubani,23790,11.889055472263868,42.05034702778828,11449,11555,786,44,0,High Activity Hub
Bihar,Monghyr,34,1.2592592592592593,0.4465760847047224,20,14,0,8,3,Underserved Region
Bihar,Munger,5522,10.827450980392157,41.78170456454367,2205,3215,102,12,3,Underserved Region
Bihar,Muzaffarpur,26299,12.335365853658537,54.94699127795438,12784,12863,652,53,0,High Activity Hub
Bihar,Nalanda,12795,10.530864197530864,53.69204543958519,3220,9441,134,31,0,High Activity Hub
Bihar,Nawada,13979,12.696639418710264,42.76158723950358,2496,11198,285,24,0,High Activity Hub
Bihar,Pashchim Champaran,16346,240.38235294117646,400.76147777948034,5055,10729,562,14,2,Stable Service Area
Bihar,Patna,21669,9.25630072618539,37.35560358864408,5923,15008,738,69,0,High Activity Hub
Bihar,Purba Champaran,95,1.2666666666666666,0.6003002251876642,49,46,0,27,3,Underserved Region
Bihar,Purbi Champaran,14871,619.625,338.83455145670956,4000,10071,800,12,2,Stable Service Area
Bihar,Purnea,194,2.0638297872340425,1.374174322089551,121,73,0,16,3,Underserved Region
Bihar,Purnia,18633,14.966265060240964,47.07379941052717,11165,7286,182,30,0,High Activity Hub
Bihar,Rohtas,6655,5.737068965517241,5.8083280511123,2303,4276,76,33,3,Underserved Region
Bihar,Saharsa,11992,13.736540664375715,41.86535599412342,5739,6052,201,18,0,High Activity Hub
Bihar,Samastipur,16814,9.025228126677401,24.83057319813693,9772,6913,129,42,0,High Activity Hub
Bihar,Samstipur,66,1.11864406779661,0.3261449731971787,31,35,0,26,3,Underserved Region
Bihar,Saran,21224,9.23585726718886,37.20258442533121,6663,14344,217,51,0,High Activity Hub
Bihar,Sheikhpura,2766,9.068852459016393,9.607349519885227,1064,1683,19,8,3,Underserved Region
Bihar,Sheikpura,17,1.4166666666666667,0.5149286505444373,9,8,0,4,3,Underserved Region
Bihar,Sheohar,2820,10.522388059701493,13.53465045042309,1776,1033,11,7,3,Underserved Region
Bihar,Sitamarhi,40793,30.306835066864785,125.82703144286191,19851,18254,2688,25,0,High Activity Hub
Bihar,Siwan,13142,7.437464629315223,24.17273203141728,5302,7705,135,46,0,High Activity Hub
Bihar,Supaul,9285,8.364864864864865,7.754415230843925,5051,4083,151,23,3,Underserved Region
Bihar,Vaishali,15859,9.10390355912744,14.4124880724569,7283,8524,52,38,0,High Activity Hub
Bihar,West Champaran,29373,25.608544027898866,90.99066574813267,11209,17400,764,19,0,High Activity Hub
Chandigarh,Chandigarh,1770,3.950892857142857,6.310908074300836,1566,171,33,24,3,Underserved Region
Chandigarh,Rupnagar,3,1.0,0.0,3,0,0,2,3,Underserved Region
Chhattisgarh,Balod,1055,4.1050583657587545,3.1388215743311023,990,61,4,11,3,Underserved Region
Chhattisgarh,Baloda Bazar,3756,6.0875202593192865,22.204307888525538,3244,479,33,20,3,Underserved Region
Chhattisgarh,Balrampur,5591,15.749295774647887,55.369398616699684,4111,1411,69,7,3,Underserved Region
Chhattisgarh,Bastar,6143,12.485772357723578,16.1883579654681,4477,1660,6,16,3,Underserved Region
Chhattisgarh,Bemetara,2192,6.703363914373089,6.031163013853579,1916,265,11,9,3,Underserved Region
Chhattisgarh,Bijapur,6478,23.135714285714286,82.06477122923889,3451,1687,1340,6,3,Underserved Region
Chhattisgarh,Bilaspur,7329,8.642688679245284,50.91591715215278,6073,1237,19,24,3,Underserved Region
Chhattisgarh,Dakshin Bastar Dantewada,1008,5.538461538461538,8.375586322093756,847,137,24,9,3,Underserved Region
Chhattisgarh,Dantewada,569,4.588709677419355,6.087454908631442,459,110,0,8,3,Underserved Region
Chhattisgarh,Dhamtari,1417,5.04270462633452,4.958213800094021,1338,76,3,14,3,Underserved Region
Chhattisgarh,Durg,3082,5.369337979094077,26.257142312580257,2586,450,46,29,3,Underserved Region
Chhattisgarh,Gariyaband,1084,3.4522292993630574,2.679816549614187,894,184,6,21,3,Underserved Region
Chhattisgarh,Gaurela-Pendra-Marwahi,81,1.7608695652173914,1.177280908774219,61,15,5,3,3,Underserved Region
Chhattisgarh,Gaurella Pendra Marwahi,983,327.6666666666667,129.22976953215283,623,290,70,3,2,Stable Service Area
Chhattisgarh,Janjgir - Champa,26,1.4444444444444444,0.8555852638929972,25,1,0,7,3,Underserved Region
Chhattisgarh,Janjgir Champa,21,1.0,0.0,18,3,0,12,3,Underserved Region
Chhattisgarh,Janjgir-Champa,3368,5.246105919003115,4.365714396473019,2890,477,1,20,3,Underserved Region
Chhattisgarh,Jashpur,1902,4.423255813953489,3.88799102666801,1188,713,1,14,3,Underserved Region
Chhattisgarh,Kabeerdham,723,5.692913385826771,4.56089626917262,637,83,3,4,3,Underserved Region
Chhattisgarh,Kanker,1161,3.4760479041916166,2.948664065211576,930,229,2,14,3,Underserved Region
Chhattisgarh,Kawardha,1781,10.538461538461538,9.906106822609598,1554,226,1,4,3,Underserved Region
Chhattisgarh,Khairagarh Chhuikhadan Gandai,148,2.176470588235294,1.3376430203414906,102,46,0,4,3,Underserved Region
Chhattisgarh,Kondagaon,2698,10.181132075471698,15.638107309668332,1732,957,9,8,3,Underserved Region
Chhattisgarh,Korba,2673,5.024436090225564,4.51544375022484,2240,420,13,18,3,Underserved Region
Chhattisgarh,Koriya,1265,4.188741721854305,3.5090020549214374,861,403,1,15,3,Underserved Region
Chhattisgarh,Mahasamund,2758,8.30722891566265,6.256516276912423,2252,484,22,7,3,Underserved Region
Chhattisgarh,Manendragarh–Chirmiri–Bharatpur,181,2.3506493506493507,2.0246262407913442,109,72,0,11,3,Underserved Region
Chhattisgarh,Mohalla-Manpur-Ambagarh Chowki,10,1.25,0.4629100498862757,7,3,0,4,3,Underserved Region
Chhattisgarh,Mohla-Manpur-Ambagarh Chouki,178,2.197530864197531,1.4698618394803284,105,69,4,4,3,Underserved Region
Chhattisgarh,Mungeli,2342,9.481781376518219,8.187753103192518,2050,290,2,7,3,Underserved Region
Chhattisgarh,Narayanpur,693,11.745762711864407,7.055428871685493,394,295,4,1,3,Underserved Region
Chhattisgarh,Raigarh,4188,8.2603550295858,49.833430711466086,3602,550,36,16,3,Underserved Region
Chhattisgarh,Raipur,5527,6.245197740112994,12.528871277448452,4776,697,54,39,3,Underserved Region
Chhattisgarh,Rajnandgaon,3199,6.9543478260869565,7.466415919043019,2862,314,23,13,3,Underserved Region
Chhattisgarh,Sakti,293,2.1865671641791047,1.382859141499774,224,67,2,8,3,Underserved Region
Chhattisgarh,Sarangarh-Bilaigarh,91,1.5423728813559323,0.7948548750277297,68,20,3,7,3,Underserved Region
Chhattisgarh,Sukma,2042,11.536723163841808,39.1329327783863,1176,747,119,4,3,Underserved Region
Chhattisgarh,Surajpur,2341,6.1122715404699735,5.182575600295117,1724,610,7,10,3,Underserved Region
Chhattisgarh,Surguja,2965,7.267156862745098,6.6742160187004105,2378,581,6,14,3,Underserved Region
Chhattisgarh,Uttar Bastar Kanker,565,2.4780701754385963,2.1780749198058356,427,130,8,15,3,Underserved Region
Dadra & Nagar Haveli,Dadra & Nagar Haveli,15,1.0714285714285714,0.2672612419124244,12,3,0,1,3,Underserved Region
Dadra And Nagar Haveli,Dadra And Nagar Haveli,558,5.8125,5.266203066426712,493,61,4,4,3,Underserved Region
Dadra And Nagar Haveli And Daman And Diu,Dadra And Nagar Haveli,54,1.8620689655172413,1.5288683473881328,36,10,8,4,3,Underserved Region
Dadra And Nagar Haveli And Daman And Diu,Daman,37,1.7619047619047619,0.768424485864545,26,5,6,2,3,Underserved Region
Dadra And Nagar Haveli And Daman And Diu,Diu,17,1.3076923076923077,0.7510676161988108,8,5,4,3,3,Underserved Region
Daman & Diu,Daman,5,1.0,0.0,4,1,0,2,3,Underserved Region
Daman & Diu,Diu,7,1.1666666666666667,0.408248290463863,7,0,0,3,3,Underserved Region
Daman And Diu,Daman,30,1.5,0.8271701918685112,20,10,0,3,3,Underserved Region
Daman And Diu,Diu,26,1.3,0.5712405705774795,24,2,0,3,3,Underserved Region
Delhi,Central Delhi,3583,10.26647564469914,36.56541209112515,2463,935,185,12,3,Underserved Region
Delhi,East Delhi,10139,22.990929705215418,92.53362980460402,7563,2354,222,10,0,High Activity Hub
Delhi,Najafgarh,19,1.3571428571428572,0.4972451580988469,14,5,0,1,3,Underserved Region
Delhi,New Delhi,1583,22.942028985507246,58.97130011284427,882,485,216,9,3,Underserved Region
Delhi,North Delhi,4118,17.449152542372882,49.12963268526847,2877,1163,78,6,3,Underserved Region
Delhi,North East,1492,9.209876543209877,6.449451899063078,1130,360,2,3,3,Underserved Region
Delhi,North East   *,2,2.0,0.0,2,0,0,1,3,Underserved Region
Delhi,North East Delhi,11658,43.99245283018868,222.1568513674316,7939,3655,64,5,0,High Activity Hub
Delhi,North West Delhi,14497,15.757608695652173,44.93163646143358,11107,3044,346,18,0,High Activity Hub
Delhi,Shahdara,1569,13.643478260869566,80.44592727954442,1026,481,62,5,3,Underserved Region
Delhi,South Delhi,12210,12.561728395061728,32.6579706134565,9148,2601,461,21,0,High Activity Hub
Delhi,South East Delhi,45,1.9565217391304348,0.9759965009980692,32,8,5,1,3,Underserved Region
Delhi,South West Delhi,7942,8.844097995545656,34.77742854092344,5863,1738,341,26,3,Underserved Region
Delhi,West Delhi,18761,36.642578125,179.06587135832655,13457,4297,1007,11,0,High Activity Hub
Goa,Bardez,1,1.0,0.0,1,0,0,1,3,Underserved Region
Goa,North Goa,815,1.7414529914529915,2.1831140028389395,607,126,82,49,3,Underserved Region
Goa,South Goa,614,1.7247191011235956,1.20681453808125,471,89,54,38,3,Underserved Region
Gujarat,Ahmadabad,6308,14.807511737089202,73.06960768315689,3809,2259,240,59,1,Growing Region
Gujarat,Ahmedabad,15687,5.973724295506473,14.93364608911082,10310,4826,551,86,1,Growing Region
Gujarat,Amreli,3345,4.652294853963839,17.0054502861239,2591,517,237,39,3,Underserved Region
Gujarat,Anand,5420,4.787985865724382,16.09523812164796,4214,722,484,65,1,Growing Region
Gujarat,Arvalli,1843,5.063186813186813,23.487969296258335,1459,276,108,21,3,Underserved Region
Gujarat,Banas Kantha,13424,136.9795918367347,293.61767621415214,5932,6710,782,25,0,High Activity Hub
Gujarat,Banaskantha,16031,13.574089754445385,41.98273219630322,8951,5453,1627,27,0,High Activity Hub
Gujarat,Bharuch,3229,4.4051841746248295,13.336474713621719,2681,452,96,42,3,Underserved Region
Gujarat,Bhavnagar,8638,7.320338983050847,29.109557493359606,7012,1203,423,45,1,Growing Region
Gujarat,Botad,2683,10.39922480620155,51.442910817008574,2071,451,161,18,3,Underserved Region
Gujarat,Chhotaudepur,3747,11.218562874251496,44.356562528783805,1924,1244,579,18,3,Underserved Region
Gujarat,Dahod,9579,13.842485549132949,40.88347478804958,4709,3600,1270,16,0,High Activity Hub
Gujarat,Dang,872,218.0,75.01555394272133,531,179,162,2,3,Underserved Region
Gujarat,Devbhumi Dwarka,2048,6.224924012158055,25.446342136330877,1451,378,219,19,3,Underserved Region
Gujarat,Dohad,12623,36.065714285714286,154.59774486702474,4734,7219,670,15,0,High Activity Hub
Gujarat,Gandhinagar,4726,6.403794037940379,26.908752526255473,3332,727,667,42,3,Underserved Region
Gujarat,Gir Somnath,5115,11.023706896551724,47.926075616789454,3832,914,369,18,3,Underserved Region
Gujarat,Jamnagar,4592,4.985884907709012,19.97598603170602,3631,696,265,50,1,Growing Region
Gujarat,Junagadh,3940,3.821532492725509,9.698621760691207,3384,465,91,55,1,Growing Region
Gujarat,Kachchh,7997,7.27,31.296126067364774,5114,2379,504,56,1,Growing Region
Gujarat,Kheda,6094,4.962540716612378,17.25054543325737,4528,1067,499,55,1,Growing Region
Gujarat,Mahesana,5131,5.529094827586207,22.750966750199165,4046,798,287,54,1,Growing Region
Gujarat,Mahisagar,2018,5.605555555555555,23.67726298414375,1529,363,126,17,3,Underserved Region
Gujarat,Morbi,7655,22.317784256559765,96.88252308485085,5249,1765,641,12,0,High Activity Hub
Gujarat,Narmada,808,3.2063492063492065,2.6278237260021102,708,76,24,14,3,Underserved Region
Gujarat,Navsari,2018,4.068548387096774,15.702516645419427,1740,179,99,41,3,Underserved Region
Gujarat,Panch Mahals,1377,28.6875,99.5423904675792,834,443,100,15,3,Underserved Region
Gujarat,Panchmahals,5235,6.83420365535248,18.580541647839475,3910,1002,323,29,3,Underserved Region
Gujarat,Patan,8273,12.786707882534776,50.74724238245683,5444,2125,704,23,3,Underserved Region
Gujarat,Porbandar,2084,7.08843537414966,33.03910707295828,1598,310,176,15,3,Underserved Region
Gujarat,Rajkot,15266,11.609125475285172,49.10493447116362,10851,3509,906,57,0,High Activity Hub
Gujarat,Sabar Kantha,2373,29.296296296296298,102.5313908571961,1026,1190,157,28,3,Underserved Region
Gujarat,Sabarkantha,3899,4.0154479917610715,11.446278298500587,2538,1035,326,45,3,Underserved Region
Gujarat,Surat,22766,12.007383966244726,65.91433593381655,16167,5960,639,89,0,High Activity Hub
Gujarat,Surendra Nagar,5664,5.930890052356021,16.176290293377342,3854,1485,325,37,3,Underserved Region
Gujarat,Surendranagar,1387,22.737704918032787,104.83302622732086,722,587,78,16,3,Underserved Region
Gujarat,Tapi,1608,3.705069124423963,5.9361982779562545,1283,179,146,25,3,Underserved Region
Gujarat,The Dangs,1120,8.057553956834532,18.37522346671675,869,177,74,5,3,Underserved Region
Gujarat,Vadodara,9682,5.109234828496042,18.821879307064,7084,2062,536,78,1,Growing Region
Gujarat,Valsad,6202,8.347240915208614,41.282969538461984,4690,1291,221,36,3,Underserved Region
Haryana,Ambala,2264,5.416267942583732,14.481243088425392,2120,111,33,20,3,Underserved Region
Haryana,Bhiwani,2208,3.72972972972973,4.075172809755244,2062,132,14,26,3,Underserved Region
Haryana,Charkhi Dadri,488,2.4522613065326633,1.9965835496587623,470,18,0,13,3,Underserved Region
Haryana,Faridabad,15166,26.513986013986013,131.23518605823878,11784,3061,321,18,0,High Activity Hub
Haryana,Fatehabad,1847,5.977346278317152,5.955691761959164,1755,82,10,12,3,Underserved Region
Haryana,Gurgaon,5699,7.186633039092055,32.497948231858786,4392,1124,183,31,3,Underserved Region
Haryana,Gurugram,2636,376.57142857142856,334.5374204992406,1804,625,207,4,2,Stable Service Area
Haryana,Hisar,3962,7.561068702290076,19.154950625457698,3682,262,18,21,3,Underserved Region
Haryana,Jhajjar,1748,4.242718446601942,4.779245518477536,1648,90,10,21,3,Underserved Region
Haryana,Jhajjar *,1,1.0,0.0,0,1,0,1,3,Underserved Region
Haryana,Jind,2561,6.921621621621622,6.894624398884921,2478,83,0,11,3,Underserved Region
Haryana,Kaithal,2158,6.539393939393939,24.388446357671,2067,79,12,11,3,Underserved Region
Haryana,Karnal,2957,6.542035398230088,7.859943823734982,2786,164,7,15,3,Underserved Region
Haryana,Kurukshetra,1519,4.561561561561562,6.229058407056243,1439,69,11,12,3,Underserved Region
Haryana,Mahendragarh,1969,6.541528239202658,5.726759088411166,1814,137,18,8,3,Underserved Region
Haryana,Mewat,6697,20.23262839879154,73.54094072327688,6154,524,19,6,3,Underserved Region
Haryana,Nuh,1506,753.0,461.033621333629,1251,213,42,2,2,Stable Service Area
Haryana,Palwal,3932,13.512027491408935,12.998502288232006,3630,298,4,6,3,Underserved Region
Haryana,Panchkula,857,2.8758389261744965,2.4123741329099118,774,78,5,18,3,Underserved Region
Haryana,Panipat,5455,16.430722891566266,96.65879514369048,4882,528,45,13,3,Underserved Region
Haryana,Rewari,1696,4.559139784946237,5.241781894084438,1554,136,6,17,3,Underserved Region
Haryana,Rohtak,2514,6.758064516129032,28.17983382702489,2277,176,61,17,3,Underserved Region
Haryana,Sirsa,2338,5.674757281553398,6.7359690119352695,2163,174,1,14,3,Underserved Region
Haryana,Sonipat,3363,5.709677419354839,18.459154893590366,3080,246,37,21,3,Underserved Region
Haryana,Yamuna Nagar,2260,5.794871794871795,7.080802414768514,2152,100,8,14,3,Underserved Region
Haryana,Yamunanagar,37,1.5416666666666667,0.8329709356935241,34,3,0,5,3,Underserved Region
Himachal Pradesh,Bilaspur,468,1.7269372693726937,1.1607681969977492,456,12,0,26,3,Underserved Region
Himachal Pradesh,Chamba,905,2.4525745257452574,1.9859698472636995,842,56,7,25,3,Underserved Region
Himachal Pradesh,Hamirpur,586,1.5380577427821522,0.9715670504391876,570,15,1,48,3,Underserved Region
Himachal Pradesh,Kangra,2026,1.770979020979021,1.1667590902635394,1939,68,19,102,1,Growing Region
Himachal Pradesh,Kinnaur,89,1.141025641025641,0.38559648427423276,67,17,5,14,3,Underserved Region
Himachal Pradesh,Kullu,724,2.4053156146179404,6.597108329921681,537,97,90,27,3,Underserved Region
Himachal Pradesh,Lahaul And Spiti,3,1.0,0.0,3,0,0,3,3,Underserved Region
Himachal Pradesh,Lahul & Spiti,30,1.25,0.6756639246921762,28,2,0,8,3,Underserved Region
Himachal Pradesh,Lahul And Spiti,20,1.0526315789473684,0.22941573387056174,19,1,0,9,3,Underserved Region
Himachal Pradesh,Mandi,1283,1.9007407407407408,1.3879246240562795,1233,41,9,65,1,Growing Region
Himachal Pradesh,Shimla,912,1.8276553106212425,1.5309250928725426,763,128,21,58,1,Growing Region
Himachal Pradesh,Sirmaur,934,3.1877133105802047,2.7151753695462686,875,53,6,17,3,Underserved Region
Himachal Pradesh,Solan,657,2.0340557275541795,1.7000414563787951,594,58,5,30,3,Underserved Region
Himachal Pradesh,Una,640,1.725067385444744,1.260584241763344,619,21,0,36,3,Underserved Region
Jammu & Kashmir,Anantnag,4,1.0,0.0,3,1,0,4,3,Underserved Region
Jammu & Kashmir,Badgam,1,1.0,0.0,0,1,0,1,3,Underserved Region
Jammu & Kashmir,Bandipur,2,1.0,0.0,2,0,0,2,3,Underserved Region
Jammu & Kashmir,Baramula,27,1.4210526315789473,0.6924826089821247,24,3,0,8,3,Underserved Region
Jammu & Kashmir,Doda,2,1.0,0.0,2,0,0,2,3,Underserved Region
Jammu & Kashmir,Jammu,44,1.0476190476190477,0.2155402687045212,35,9,0,21,3,Underserved Region
Jammu & Kashmir,Kargil,3,1.0,0.0,2,1,0,1,3,Underserved Region
Jammu & Kashmir,Kathua,5,1.0,0.0,5,0,0,5,3,Underserved Region
Jammu & Kashmir,Kupwara,6,1.5,0.5773502691896257,5,1,0,3,3,Underserved Region
Jammu & Kashmir,Leh (Ladakh),2,1.0,0.0,2,0,0,2,3,Underserved Region
Jammu & Kashmir,Pulwama,2,1.0,0.0,2,0,0,2,3,Underserved Region
Jammu & Kashmir,Punch,1,1.0,0.0,1,0,0,1,3,Underserved Region
Jammu & Kashmir,Rajauri,2,1.0,0.0,1,1,0,1,3,Underserved Region
Jammu & Kashmir,Srinagar,3,1.0,0.0,2,1,0,3,3,Underserved Region
Jammu & Kashmir,Udhampur,2,1.0,0.0,2,0,0,2,3,Underserved Region
Jammu And Kashmir,Anantnag,2337,5.193333333333333,4.0903438902263245,2020,283,34,15,3,Underserved Region
Jammu And Kashmir,Badgam,1347,6.095022624434389,6.056178109578711,1200,146,1,11,3,Underserved Region
Jammu And Kashmir,Bandipore,1328,7.2967032967032965,6.627407525432991,1025,260,43,5,3,Underserved Region
Jammu And Kashmir,Baramula,2963,6.084188911704312,10.182445583197282,2451,448,64,16,3,Underserved Region
Jammu And Kashmir,Budgam,522,3.48,2.6690369778745557,469,38,15,8,3,Underserved Region
Jammu And Kashmir,Doda,3991,9.805896805896806,30.541003119510908,3020,939,32,14,3,Underserved Region
Jammu And Kashmir,Ganderbal,582,4.343283582089552,3.061044289869138,523,49,10,5,3,Underserved Region
Jammu And Kashmir,Jammu,2946,3.1474358974358974,3.593763737834348,2280,631,35,43,3,Underserved Region
Jammu And Kashmir,Kargil,344,2.4748201438848922,1.9386643215047161,248,95,1,7,3,Underserved Region
Jammu And Kashmir,Kathua,2059,4.3808510638297875,4.318065304451327,1799,252,8,18,3,Underserved Region
Jammu And Kashmir,Kishtwar,1075,7.413793103448276,7.043107551690115,899,170,6,3,3,Underserved Region
Jammu And Kashmir,Kulgam,1041,9.63888888888889,9.603794356587072,823,209,9,5,3,Underserved Region
Jammu And Kashmir,Kupwara,2423,7.766025641025641,5.72294975765128,1989,395,39,7,3,Underserved Region
Jammu And Kashmir,Leh,128,2.2857142857142856,1.6035674514745464,98,29,1,5,3,Underserved Region
Jammu And Kashmir,Pulwama,1399,5.5078740157480315,6.3368812705486,1286,98,15,12,3,Underserved Region
Jammu And Kashmir,Punch,2334,10.561085972850679,16.397120775440825,1837,480,17,5,3,Underserved Region
Jammu And Kashmir,Rajouri,1944,4.7530562347188265,4.363411453104646,1470,467,7,13,3,Underserved Region
Jammu And Kashmir,Ramban,1623,7.619718309859155,7.701444725742866,1119,499,5,5,3,Underserved Region
Jammu And Kashmir,Reasi,1409,5.822314049586777,6.666121538473019,903,497,9,11,3,Underserved Region
Jammu And Kashmir,Samba,362,2.445945945945946,1.830518991808392,313,40,9,12,3,Underserved Region
Jammu And Kashmir,Shopian,412,412.0,0.0,308,84,20,1,3,Underserved Region
Jammu And Kashmir,Shupiyan,562,10.407407407407407,9.149736605175859,450,111,1,1,3,Underserved Region
Jammu And Kashmir,Srinagar,2080,3.3766233766233764,2.6296073392689636,1724,229,127,27,3,Underserved Region
Jammu And Kashmir,Udhampur,2086,4.73015873015873,5.289975272516723,1796,279,11,20,3,Underserved Region
Jharkhand,Bokaro,4652,4.96478121664888,5.620840131351444,2749,1887,16,38,3,Underserved Region
Jharkhand,Bokaro *,2,1.0,0.0,2,0,0,2,3,Underserved Region
Jharkhand,Chatra,5930,15.483028720626631,36.21119116615674,3236,2661,33,9,3,Underserved Region
Jharkhand,Deoghar,7422,10.512747875354108,29.269944046670265,3999,3302,121,18,3,Underserved Region
Jharkhand,Dhanbad,9357,6.751082251082251,27.85222898580482,5795,3478,84,53,1,Growing Region
Jharkhand,Dumka,4953,6.2935196950444725,10.937550985730375,2322,2545,86,24,3,Underserved Region
Jharkhand,East Singhbhum,6919,7.081883316274309,12.331464210070099,4951,1869,99,32,3,Underserved Region
Jharkhand,East Singhbum,1447,361.75,290.5734273237432,848,546,53,4,2,Stable Service Area
Jharkhand,Garhwa,5530,12.047930283224401,11.92067536532367,4089,1427,14,12,3,Underserved Region
Jharkhand,Garhwa *,249,3.364864864864865,3.0094568950902327,200,49,0,4,3,Underserved Region
Jharkhand,Giridih,13213,13.173479561316052,42.37977964914534,7080,6054,79,19,0,High Activity Hub
Jharkhand,Godda,4606,9.031372549019608,9.16766955700925,2727,1862,17,13,3,Underserved Region
Jharkhand,Gumla,5976,8.573888091822095,23.75450485900843,3610,2274,92,19,3,Underserved Region
Jharkhand,Hazaribag,414,2.6202531645569622,2.086070254683192,248,166,0,19,3,Underserved Region
Jharkhand,Hazaribagh,5145,6.391304347826087,10.212648187324055,3353,1761,31,28,3,Underserved Region
Jharkhand,Jamtara,4161,13.293929712460065,12.836366416439473,2944,1201,16,6,3,Underserved Region
Jharkhand,Khunti,2319,7.914675767918089,25.424941029429995,1213,1061,45,10,3,Underserved Region
Jharkhand,Kodarma,226,2.6588235294117646,1.9490714588800295,134,92,0,7,3,Underserved Region
Jharkhand,Koderma,2762,7.6088154269972454,6.652472599480074,1768,983,11,8,3,Underserved Region
Jharkhand,Latehar,2201,6.2175141242937855,5.480392919380088,1366,824,11,10,3,Underserved Region
Jharkhand,Lohardaga,2666,11.692982456140351,32.40971932128188,1749,862,55,10,3,Underserved Region
Jharkhand,Pakaur,218,3.253731343283582,3.2208754860172646,143,75,0,4,3,Underserved Region
Jharkhand,Pakur,6634,23.359154929577464,147.54329024186904,3764,2825,45,9,0,High Activity Hub
Jharkhand,Palamau,229,3.4696969696969697,4.30462969717917,175,54,0,9,3,Underserved Region
Jharkhand,Palamu,7599,10.366984993178718,10.71847143168007,5762,1774,63,18,3,Underserved Region
Jharkhand,Pashchimi Singhbhum,481,4.008333333333334,3.6194986266226494,269,211,1,14,3,Underserved Region
Jharkhand,Purbi Singhbhum,609,1.9519230769230769,1.4008252576334932,479,130,0,24,3,Underserved Region
Jharkhand,Ramgarh,2251,4.247169811320755,4.781150124368855,1439,801,11,24,3,Underserved Region
Jharkhand,Ranchi,12513,9.7,28.264061564210994,8101,4091,321,38,0,High Activity Hub
Jharkhand,Sahebganj,5650,10.1985559566787,12.800892744407527,3247,2388,15,12,3,Underserved Region
Jharkhand,Sahibganj,280,4.057971014492754,4.111976975398368,143,137,0,7,3,Underserved Region
Jharkhand,Seraikela-Kharsawan,3249,4.326231691078562,3.96771525115496,2212,1008,29,16,3,Underserved Region
Jharkhand,Simdega,1663,5.855633802816901,4.486761439923307,1147,503,13,7,3,Underserved Region
Jharkhand,West Singhbhum,6062,10.120200333889816,32.828156647246004,3659,2356,47,25,3,Underserved Region
Karnataka,Bagalkot,5361,4.795169946332737,5.183481607336819,4526,756,79,38,3,Underserved Region
Karnataka,Bagalkot *,138,1.550561797752809,0.9294577592614293,111,27,0,20,3,Underserved Region
Karnataka,Ballari,1838,2.8103975535168195,2.5380682917029165,1562,216,60,44,3,Underserved Region
Karnataka,Bangalore,4340,2.3421478683216406,1.8389648480774188,3417,919,4,111,1,Growing Region
Karnataka,Bangalore Rural,2012,4.393013100436681,8.976416663080943,1662,232,118,26,3,Underserved Region
Karnataka,Belagavi,4801,2.5005208333333333,2.013761860610362,4164,527,110,107,1,Growing Region
Karnataka,Belgaum,4159,2.3943580886586067,1.8951284730335118,3468,689,2,106,1,Growing Region
Karnataka,Bellary,2876,3.321016166281755,2.898426422943685,2393,482,1,46,3,Underserved Region
Karnataka,Bengaluru,27491,7.801078320090806,30.05503304955921,17694,6142,3655,125,0,High Activity Hub
Karnataka,Bengaluru Rural,2790,279.0,174.11235197742607,1439,730,621,6,2,Stable Service Area
Karnataka,Bengaluru South,176,2.707692307692308,3.185529179562817,12,159,5,14,3,Underserved Region
Karnataka,Bengaluru Urban,23074,237.8762886597938,163.24312502955772,12111,7167,3796,47,0,High Activity Hub
Karnataka,Bidar,3722,4.617866004962779,6.9084791478342265,2911,751,60,25,3,Underserved Region
Karnataka,Bijapur,2839,2.899897854954035,2.295677005567443,2136,698,5,44,3,Underserved Region
Karnataka,Bijapur(Kar),3,1.5,0.7071067811865476,3,0,0,2,3,Underserved Region
Karnataka,Chamarajanagar,140,1.5384615384615385,1.0034129792052757,125,15,0,18,3,Underserved Region
Karnataka,Chamarajanagar *,13,1.0,0.0,13,0,0,10,3,Underserved Region
Karnataka,Chamrajanagar,1546,3.529680365296804,3.922916930440616,1335,189,22,21,3,Underserved Region
Karnataka,Chamrajnagar,207,1.544776119402985,0.9226936020885826,185,22,0,20,3,Underserved Region
Karnataka,Chickmagalur,667,1.723514211886305,1.4173389836191688,589,78,0,46,3,Underserved Region
Karnataka,Chikkaballapur,2119,3.7771836007130126,3.18958907734241,1868,237,14,22,3,Underserved Region
Karnataka,Chikkamagaluru,673,1.8851540616246498,1.5671229960106228,560,79,34,43,3,Underserved Region
Karnataka,Chikmagalur,90,1.267605633802817,0.6752300450084345,81,9,0,29,3,Underserved Region
Karnataka,Chitradurga,2845,3.495085995085995,3.978336221925791,2527,274,44,36,3,Underserved Region
Karnataka,Dakshina Kannada,4174,2.6687979539641944,3.282443004750089,3670,429,75,101,1,Growing Region
Karnataka,Davanagere,275,1.4322916666666667,0.8776449677143232,239,36,0,36,3,Underserved Region
Karnataka,Davangere,3258,3.673055242390079,5.052454650098455,2931,284,43,43,3,Underserved Region
Karnataka,Dharwad,3395,3.747240618101545,3.8236134744123214,3085,293,17,39,3,Underserved Region
Karnataka,Gadag,3231,5.088188976377952,5.768272491414526,2920,291,20,24,3,Underserved Region
Karnataka,Gadag *,96,1.6,0.9777178546952238,86,10,0,13,3,Underserved Region
Karnataka,Gulbarga,2935,3.128997867803838,2.701711236442225,2376,556,3,54,1,Growing Region
Karnataka,Hasan,514,1.4685714285714286,0.8278018077971456,471,43,0,49,3,Underserved Region
Karnataka,Hassan,1420,2.128935532233883,1.7202693518704604,1281,121,18,49,1,Growing Region
Karnataka,Haveri,2812,3.8573388203017833,3.4900099257768793,2527,228,57,29,3,Underserved Region
Karnataka,Haveri *,58,1.3488372093023255,0.7199114009717928,52,6,0,10,3,Underserved Region
Karnataka,Kalaburagi,3433,3.887882219705549,20.557201328544277,2854,497,82,42,3,Underserved Region
Karnataka,Kodagu,749,2.3553459119496853,3.2131658926157294,641,67,41,26,3,Underserved Region
Karnataka,Kolar,2898,4.128205128205129,4.3813346702588785,2603,265,30,31,3,Underserved Region
Karnataka,Koppal,4071,5.1466498103666245,5.319059189439077,3484,539,48,28,3,Underserved Region
Karnataka,Mandya,2107,2.6403508771929824,2.258618153219058,1935,129,43,43,3,Underserved Region
Karnataka,Mysore,1746,2.210126582278481,2.0627417820695046,1557,187,2,61,1,Growing Region
Karnataka,Mysuru,3063,3.524741081703107,21.260473647316285,2406,422,235,69,1,Growing Region
Karnataka,Raichur,8075,6.629720853858785,13.335627154599198,6156,1819,100,30,3,Underserved Region
Karnataka,Ramanagar,2074,4.578366445916115,5.580161603420419,1715,348,11,20,3,Underserved Region
Karnataka,Ramanagara,204,204.0,0.0,168,24,12,1,3,Underserved Region
Karnataka,Shimoga,1316,2.1329011345218802,1.6724962421915377,1181,135,0,55,1,Growing Region
Karnataka,Shivamogga,1349,2.0947204968944098,1.7122838829878737,1152,156,41,55,1,Growing Region
Karnataka,Tumakuru,1705,2.1023427866831073,1.8903607170000427,1526,133,46,60,1,Growing Region
Karnataka,Tumkur,1605,2.0342205323193916,1.7342752716340164,1460,145,0,60,1,Growing Region
Karnataka,Udupi,2408,2.518828451882845,3.377886369073548,2185,186,37,71,1,Growing Region
Karnataka,Udupi *,2,1.0,0.0,2,0,0,2,3,Underserved Region
Karnataka,Uttara Kannada,2100,2.26537216828479,2.1243010403276896,1889,181,30,76,1,Growing Region
Karnataka,Vijayanagara,1367,2.638996138996139,2.0428164831275177,1122,190,55,37,3,Underserved Region
Karnataka,Vijayapura,4017,3.675205855443733,13.762895986414321,3229,699,89,43,3,Underserved Region
Karnataka,Yadgir,5512,5.435897435897436,14.843817813443756,4211,1196,105,22,3,Underserved Region
Kerala,Alappuzha,2105,1.6934835076427996,1.0465098871826006,1374,613,118,115,1,Growing Region
Kerala,Ernakulam,4036,2.1946710168569874,5.098609113712449,2444,1290,302,135,1,Growing Region
Kerala,Idukki,975,1.7075306479859895,1.0729183175639776,752,195,28,55,1,Growing Region
Kerala,Kannur,3936,2.263369752731455,2.3248020633228164,2493,1240,203,99,1,Growing Region
Kerala,Kasaragod,2515,3.228498074454429,2.5420189491270957,1839,618,58,31,3,Underserved Region
Kerala,Kasargod,175,1.3059701492537314,0.5515202767293209,133,42,0,25,3,Underserved Region
Kerala,Kollam,3118,1.9366459627329193,1.8648456778609408,2178,740,200,114,1,Growing Region
Kerala,Kottayam,1971,1.6760204081632653,1.2907407655445264,1353,570,48,120,1,Growing Region
Kerala,Kozhikode,4510,2.484848484848485,1.8640883648117483,2938,1375,197,91,1,Growing Region
Kerala,Malappuram,11107,3.8849247988807276,5.995599630238289,7580,3288,239,100,1,Growing Region
Kerala,Palakkad,4276,2.1950718685831623,1.8062086455494355,3083,1033,160,138,1,Growing Region
Kerala,Pathanamthitta,1146,1.3907766990291262,0.724648406733273,750,331,65,111,1,Growing Region
Kerala,Thiruvananthapuram,4203,2.1867845993756503,3.0960625805644724,2776,1012,415,130,1,Growing Region
Kerala,Thrissur,4528,2.026857654431513,1.9116617789656547,2908,1149,471,168,1,Growing Region
Kerala,Wayanad,1010,2.759562841530055,2.5030619769441764,817,175,18,20,3,Underserved Region
Ladakh,Kargil,343,2.5984848484848486,2.209831773103449,243,93,7,7,3,Underserved Region
Ladakh,Leh,87,1.7058823529411764,1.0058651529317204,68,11,8,6,3,Underserved Region
Lakshadweep,Lakshadweep,115,1.4375,0.7604753676550783,105,9,1,9,3,Underserved Region
Madhya Pradesh,Agar Malwa,2190,8.051470588235293,7.36734577763592,1789,372,29,6,3,Underserved Region
Madhya Pradesh,Alirajpur,6711,19.06534090909091,59.04475817284481,3073,3269,369,10,3,Underserved Region
Madhya Pradesh,Anuppur,2504,5.961904761904762,6.689747521410352,2183,308,13,20,3,Underserved Region
Madhya Pradesh,Ashok Nagar,4916,13.431693989071038,21.132834437649738,3535,1216,165,10,3,Underserved Region
Madhya Pradesh,Ashoknagar,3011,602.2,193.95282931682127,1594,1323,94,3,2,Stable Service Area
Madhya Pradesh,Balaghat,5365,6.922580645161291,13.083974202380757,4846,492,27,24,3,Underserved Region
Madhya Pradesh,Barwani,21450,43.0722891566265,186.90956612930387,12506,8279,665,11,0,High Activity Hub
Madhya Pradesh,Betul,6980,8.971722365038561,26.79766835868516,5765,1090,125,21,3,Underserved Region
Madhya Pradesh,Bhind,13096,14.551111111111112,56.18538210494865,7884,4578,634,20,0,High Activity Hub
Madhya Pradesh,Bhopal,10972,10.02925045703839,40.803605046601746,9487,1333,152,38,0,High Activity Hub
Madhya Pradesh,Burhanpur,9497,42.39732142857143,153.89014832223853,6388,2725,384,5,0,High Activity Hub
Madhya Pradesh,Chhatarpur,16753,15.970448045757864,49.96762390614321,10655,5731,367,20,0,High Activity Hub
Madhya Pradesh,Chhindwara,7195,7.9944444444444445,8.125474040914083,6583,565,47,27,3,Underserved Region
Madhya Pradesh,Damoh,5168,9.345388788426764,8.687512980014331,4264,859,45,14,3,Underserved Region
Madhya Pradesh,Datia,5417,12.481566820276498,43.262727973621146,3673,1701,43,9,3,Underserved Region
Madhya Pradesh,Dewas,9716,14.879019908116385,47.12461359417085,7778,1847,91,18,0,High Activity Hub
Madhya Pradesh,Dhar,11785,14.33698296836983,52.030039759883444,8004,3356,425,23,0,High Activity Hub
Madhya Pradesh,Dindori,2092,6.770226537216828,5.862240519592592,1865,226,1,9,3,Underserved Region
Madhya Pradesh,East Nimar,3211,6.247081712062257,20.675795975615525,1916,1274,21,20,3,Underserved Region
Madhya Pradesh,Guna,9104,14.755267423014587,51.45156033283381,6913,2126,65,20,0,High Activity Hub
Madhya Pradesh,Gwalior,17579,18.740938166311302,75.73437014819822,11351,5408,820,21,0,High Activity Hub
Madhya Pradesh,Harda,1930,11.420118343195266,7.909146151327233,1558,355,17,3,3,Underserved Region
Madhya Pradesh,Harda *,441,3.644628099173554,2.912214232424735,353,88,0,6,3,Underserved Region
Madhya Pradesh,Hoshangabad,5106,9.615819209039548,15.139454086431842,4341,753,12,20,3,Underserved Region
Madhya Pradesh,Indore,20675,14.94938539407086,69.40930456909409,15330,4746,599,31,0,High Activity Hub
Madhya Pradesh,Jabalpur,11037,10.949404761904763,18.48240311938319,9384,1552,101,27,0,High Activity Hub
Madhya Pradesh,Jhabua,13180,26.36,105.45425358513714,6394,6461,325,14,0,High Activity Hub
Madhya Pradesh,Katni,10134,13.92032967032967,32.96142923513283,7777,2241,116,17,0,High Activity Hub
Madhya Pradesh,Khandwa,3860,7.46615087040619,40.987062092722574,2693,1085,82,16,3,Underserved Region
Madhya Pradesh,Khargone,14121,17.433333333333334,69.2407249927946,9123,4495,503,20,0,High Activity Hub
Madhya Pradesh,Maihar,197,1.841121495327103,1.1828135047362376,162,17,18,8,3,Underserved Region
Madhya Pradesh,Mandla,3578,6.4352517985611515,6.041399077975739,3336,237,5,17,3,Underserved Region
Madhya Pradesh,Mandsaur,7014,8.789473684210526,8.577540014263727,6250,740,24,20,3,Underserved Region
Madhya Pradesh,Mauganj,269,2.3391304347826085,1.796131107831981,220,48,1,9,3,Underserved Region
Madhya Pradesh,Morena,21929,31.193456614509245,121.82243681263846,13767,7504,658,12,0,High Activity Hub
Madhya Pradesh,Narmadapuram,484,2.3047619047619046,1.6808736024583562,378,79,27,15,3,Underserved Region
Madhya Pradesh,Narsimhapur,829,3.0145454545454546,2.8476791793832334,647,182,0,16,3,Underserved Region
Madhya Pradesh,Narsinghpur,4379,6.747303543913714,20.74256366009785,3197,1092,90,16,3,Underserved Region
Madhya Pradesh,Neemuch,4255,8.074003795066414,8.256131936174105,3549,689,17,15,3,Underserved Region
Madhya Pradesh,Niwari,85,1.3934426229508197,0.9879049975341786,62,14,9,9,3,Underserved Region
Madhya Pradesh,Pandhurna,66,1.8333333333333333,2.4083189157584592,36,3,27,8,3,Underserved Region
Madhya Pradesh,Panna,8846,14.57331136738056,24.398590814557796,6418,2302,126,15,3,Underserved Region
Madhya Pradesh,Raisen,6350,8.37730870712401,15.174114513468314,5132,1096,122,20,3,Underserved Region
Madhya Pradesh,Rajgarh,7300,10.28169014084507,10.601757709592636,5838,1428,34,15,3,Underserved Region
Madhya Pradesh,Ratlam,7083,11.46116504854369,14.139474724331462,5686,1322,75,14,3,Underserved Region
Madhya Pradesh,Rewa,8642,7.048939641109299,6.114623730411956,7317,1296,29,30,3,Underserved Region
Madhya Pradesh,Sagar,12145,10.398116438356164,27.458902466069176,10054,1714,377,28,0,High Activity Hub
Madhya Pradesh,Satna,11536,9.893653516295025,23.56477353937967,9638,1770,128,26,0,High Activity Hub
Madhya Pradesh,Sehore,5710,9.31484502446982,48.6842272056522,4441,1216,53,18,3,Underserved Region
Madhya Pradesh,Seoni,4808,7.5007800312012485,6.880253630179676,4333,467,8,17,3,Underserved Region
Madhya Pradesh,Shahdol,4585,8.397435897435898,8.667005494344778,3774,752,59,23,3,Underserved Region
Madhya Pradesh,Shajapur,5897,7.738845144356955,8.059488917298125,4944,936,17,23,3,Underserved Region
Madhya Pradesh,Sheopur,6988,23.37123745819398,88.99558454928494,3643,3207,138,5,3,Underserved Region
Madhya Pradesh,Shivpuri,11850,13.284753363228699,54.856446395683065,6611,4523,716,21,0,High Activity Hub
Madhya Pradesh,Sidhi,5557,12.745412844036696,13.382158376647386,4942,602,13,12,3,Underserved Region
Madhya Pradesh,Singrauli,5570,13.105882352941176,15.183487438267049,4815,736,19,12,3,Underserved Region
Madhya Pradesh,Tikamgarh,6264,8.061776061776062,7.250225267477452,4843,1393,28,18,3,Underserved Region
Madhya Pradesh,Ujjain,12716,11.784986098239111,11.265563004556832,11036,1598,82,23,0,High Activity Hub
Madhya Pradesh,Umaria,4767,13.132231404958677,14.145812578829277,3887,856,24,10,3,Underserved Region
Madhya Pradesh,Vidisha,9692,16.6815834767642,63.36340308018552,7427,2096,169,13,0,High Activity Hub
Madhya Pradesh,West Nimar,526,2.4928909952606637,2.367175669435234,411,109,6,20,3,Underserved Region
Maharashtra,Ahilyanagar,12,1.0909090909090908,0.30151134457776363,11,1,0,11,3,Underserved Region
Maharashtra,Ahmadnagar,9163,4.072444444444445,5.084225753667242,7135,1904,124,90,1,Growing Region
Maharashtra,Ahmed Nagar,238,1.5256410256410255,1.2152191781531427,190,48,0,46,3,Underserved Region
Maharashtra,Ahmednagar,368,184.0,16.97056274847714,182,158,28,2,3,Underserved Region
Maharashtra,Akola,3653,5.444113263785395,24.924233075444725,2981,623,49,29,3,Underserved Region
Maharashtra,Amravati,5041,4.85645472061657,24.258444766339704,4063,874,104,42,3,Underserved Region
Maharashtra,Aurangabad,15232,10.741889985895627,104.65524789325345,10640,4447,145,44,0,High Activity Hub
Maharashtra,Beed,8967,9.821467688937568,55.577351455186744,6414,2283,270,28,0,High Activity Hub
Maharashtra,Bhandara,1102,2.854922279792746,2.3564642497134654,1051,45,6,21,3,Underserved Region
Maharashtra,Bid,362,1.9153439153439153,1.2561455368771977,268,94,0,24,3,Underserved Region
Maharashtra,Buldana,618,2.053156146179402,1.5331335032770081,526,92,0,26,3,Underserved Region
Maharashtra,Buldhana,5544,6.250281848928974,29.32872838380852,4463,941,140,32,3,Underserved Region
Maharashtra,Chandrapur,3236,4.779911373707534,19.781207341753948,2813,341,82,33,3,Underserved Region
Maharashtra,Chatrapati Sambhaji Nagar,159,3.3125,2.043737190082829,79,65,15,3,3,Underserved Region
Maharashtra,Chhatrapati Sambhajinagar,765,2.283582089552239,2.9800030650893174,265,281,219,40,3,Underserved Region
Maharashtra,Dharashiv,104,1.223529411764706,0.5204501391477723,56,23,25,20,3,Underserved Region
Maharashtra,Dhule,11564,11.055449330783938,46.01479670422245,6496,4554,514,29,0,High Activity Hub
Maharashtra,Gadchiroli,1582,3.7937649880095923,3.0525303930355587,1329,232,21,15,3,Underserved Region
Maharashtra,Gondia,19,1.0555555555555556,0.2357022603955158,15,4,0,6,3,Underserved Region
Maharashtra,Gondiya,2014,5.871720116618076,5.29601960350738,1915,93,6,14,3,Underserved Region
Maharashtra,Gondiya *,37,1.1935483870967742,0.40160966445124946,33,4,0,9,3,Underserved Region
Maharashtra,Hingoli,7651,19.272040302267,77.54764940604205,5895,1387,369,14,0,High Activity Hub
Maharashtra,Hingoli *,1,1.0,0.0,1,0,0,1,3,Underserved Region
Maharashtra,Jalgaon,10965,6.393586005830904,28.330267256958216,8408,2335,222,62,1,Growing Region
Maharashtra,Jalna,4418,6.266666666666667,6.447324439195098,3575,825,18,26,3,Underserved Region
Maharashtra,Kolhapur,4866,2.95985401459854,2.5571198759998377,3995,802,69,78,1,Growing Region
Maharashtra,Latur,6342,7.487603305785124,35.3558341950088,4731,1463,148,24,3,Underserved Region
Maharashtra,Mumbai,10993,4.463256191636216,13.079157005066408,7794,3124,75,108,1,Growing Region
Maharashtra,Mumbai City,1984,2.854676258992806,2.7300025604484603,1471,358,155,35,3,Underserved Region
Maharashtra,Mumbai Suburban,15762,8.62253829321663,51.43133306149985,10433,4555,774,55,0,High Activity Hub
Maharashtra,Mumbai( Sub Urban ),263,1.3556701030927836,0.7426976556463472,204,59,0,47,3,Underserved Region
Maharashtra,Nagpur,8853,5.17719298245614,19.404072469318614,7324,1304,225,67,1,Growing Region
Maharashtra,Nanded,10134,7.819444444444445,30.93452732296033,7598,2207,329,44,0,High Activity Hub
Maharashtra,Nandurbar,9414,12.28981723237598,59.04983671812428,6688,2493,233,20,0,High Activity Hub
Maharashtra,Nandurbar *,81,1.2857142857142858,0.48952153824477435,62,18,1,11,3,Underserved Region
Maharashtra,Nashik,18877,8.19314236111111,60.50902564761592,13292,5282,303,76,0,High Activity Hub
Maharashtra,Osmanabad,2935,4.440242057488653,15.37387047150628,2343,582,10,28,3,Underserved Region
Maharashtra,Palghar,9321,8.61460258780037,34.51691576450186,6212,2949,160,37,0,High Activity Hub
Maharashtra,Parbhani,5309,7.784457478005865,18.91317650723,4179,932,198,19,3,Underserved Region
Maharashtra,Pune,26143,6.3071170084439085,22.027240725712296,19231,5795,1117,147,1,Growing Region
Maharashtra,Raigad,2810,5.445736434108527,53.3147729143895,2047,661,102,58,1,Growing Region
Maharashtra,Raigarh,3576,3.533596837944664,4.571647205074508,2907,668,1,62,1,Growing Region
Maharashtra,Raigarh(Mh),58,1.4871794871794872,0.9423317907078573,44,14,0,14,3,Underserved Region
Maharashtra,Ratnagiri,1414,1.9693593314763231,1.5349602847375983,1204,178,32,72,1,Growing Region
Maharashtra,Sangli,5963,5.100940975192472,27.328294725557978,4218,1613,132,66,1,Growing Region
Maharashtra,Satara,4147,3.4047619047619047,16.844873268998043,3378,616,153,79,1,Growing Region
Maharashtra,Sindhudurg,668,1.6575682382133996,1.3240451519347114,604,44,20,52,1,Growing Region
Maharashtra,Solapur,9936,5.486471562672556,16.539495983176327,7481,2208,247,71,1,Growing Region
Maharashtra,Thane,40094,13.759094028826356,73.58816679193896,26338,12801,955,93,0,High Activity Hub
Maharashtra,Wardha,1248,3.565714285714286,3.3837588547207895,1168,75,5,17,3,Underserved Region
Maharashtra,Washim,2583,7.038147138964578,26.874809235060884,2287,252,44,14,3,Underserved Region
Maharashtra,Washim *,21,1.2352941176470589,0.562295714538387,17,4,0,8,3,Underserved Region
Maharashtra,Yavatmal,6045,6.206365503080082,26.796740159574163,4672,1175,198,33,3,Underserved Region
Manipur,Bishnupur,923,7.155038759689923,12.609179203810156,420,461,42,4,3,Underserved Region
Manipur,Chandel,617,5.099173553719008,6.949106607660303,198,414,5,6,3,Underserved Region
Manipur,Churachandpur,4428,19.945945945945947,123.04495281544267,1175,3150,103,10,3,Underserved Region
Manipur,Imphal East,773,2.9169811320754717,2.343732442282243,379,385,9,11,3,Underserved Region
Manipur,Imphal West,940,3.164983164983165,6.510624327837471,473,435,32,14,3,Underserved Region
Manipur,Jiribam,99,2.5384615384615383,1.8331186231773644,37,61,1,2,3,Underserved Region
Manipur,Kakching,72,2.1176470588235294,1.2001188295294294,25,46,1,3,3,Underserved Region
Manipur,Pherzawl,10,2.0,1.7320508075688772,1,9,0,2,3,Underserved Region
Manipur,Senapati,1136,3.045576407506702,3.2371438032442676,565,556,15,25,3,Underserved Region
Manipur,Tamenglong,803,4.7514792899408285,4.3435516862421055,252,522,29,8,3,Underserved Region
Manipur,Thoubal,764,3.638095238095238,3.1368280371143986,304,455,5,8,3,Underserved Region
Manipur,Ukhrul,657,4.830882352941177,4.68497226689894,283,361,13,6,3,Underserved Region
Meghalaya,East Garo Hills,5993,42.20422535211268,147.5000920173962,1010,3313,1670,6,0,High Activity Hub
Meghalaya,East Jaintia Hills,5075,41.94214876033058,141.4749269612029,977,2325,1773,5,0,High Activity Hub
Meghalaya,East Khasi Hills,28180,28.12375249500998,110.07355934203456,4146,14336,9698,30,0,High Activity Hub
Meghalaya,Eastern West Khasi Hills,753,19.307692307692307,59.22799562358197,3,161,589,2,3,Underserved Region
Meghalaya,Jaintia Hills,3,1.0,0.0,3,0,0,3,3,Underserved Region
Meghalaya,Kamrup,143,143.0,0.0,13,71,59,1,3,Underserved Region
Meghalaya,North Garo Hills,2952,19.16883116883117,69.5776056296913,439,1760,753,5,3,Underserved Region
Meghalaya,Ri Bhoi,9156,32.23943661971831,120.27791314197091,1304,4505,3347,10,0,High Activity Hub
Meghalaya,South Garo Hills,4320,24.82758620689655,68.51272307419737,556,2323,1441,5,3,Underserved Region
Meghalaya,South West Garo Hills,4875,33.854166666666664,119.47659563945736,2373,1626,876,5,3,Underserved Region
Meghalaya,South West Khasi Hills,3367,26.100775193798448,82.46086618826766,768,1502,1097,3,3,Underserved Region
Meghalaya,West Garo Hills,15543,41.55882352941177,134.84152356339047,4386,6639,4518,11,0,High Activity Hub
Meghalaya,West Jaintia Hills,11661,61.373684210526314,206.89319981384583,2355,5515,3791,4,0,High Activity Hub
Meghalaya,West Khasi Hills,15766,115.08029197080292,420.1993584701644,2383,8126,5257,5,2,Stable Service Area
Mizoram,Aizawl,744,2.539249146757679,1.9539200454158023,515,182,47,18,3,Underserved Region
Mizoram,Champhai,1047,9.694444444444445,40.60672066591779,714,244,89,6,3,Underserved Region
Mizoram,Hnahthial,1,1.0,0.0,1,0,0,1,3,Underserved Region
Mizoram,Khawzawl,32,2.2857142857142856,3.7092103955210947,4,6,22,2,3,Underserved Region
Mizoram,Kolasib,201,2.9558823529411766,10.153205248677557,117,49,35,8,3,Underserved Region
Mizoram,Lawngtlai,1518,11.952755905511811,39.96444019925646,1068,353,97,5,3,Underserved Region
Mizoram,Lunglei,572,5.777777777777778,22.582526907809733,399,104,69,10,3,Underserved Region
Mizoram,Mamit,117,2.4375,2.7046551673860546,91,23,3,7,3,Underserved Region
Mizoram,Mammit,44,1.5172413793103448,0.9110703930453145,38,6,0,7,3,Underserved Region
Mizoram,Saiha,578,8.5,24.29575234664595,320,163,95,3,3,Underserved Region
Mizoram,Saitual,12,1.5,1.4142135623730951,2,3,7,2,3,Underserved Region
Mizoram,Serchhip,73,2.1470588235294117,1.7256066643564232,53,15,5,5,3,Underserved Region
Nagaland,Chumukedima,163,3.1346153846153846,11.749057277415664,28,87,48,5,3,Underserved Region
Nagaland,Dimapur,3044,16.105820105820104,77.53879892213068,1045,1723,276,8,3,Underserved Region
Nagaland,Kiphire,827,14.016949152542374,39.214481634240656,151,625,51,3,3,Underserved Region
Nagaland,Kohima,1486,8.63953488372093,36.73435945670868,510,870,106,9,3,Underserved Region
Nagaland,Longleng,854,21.35,78.78778702702205,198,608,48,3,3,Underserved Region
Nagaland,Meluri,13,1.4444444444444444,1.0137937550497031,2,9,2,1,3,Underserved Region
Nagaland,Mokokchung,402,4.276595744680851,22.526163643671932,115,247,40,8,3,Underserved Region
Nagaland,Mon,2092,11.622222222222222,55.55390512756424,590,1334,168,4,3,Underserved Region
Nagaland,Niuland,23,1.5333333333333334,0.9154754164341269,9,12,2,3,3,Underserved Region
Nagaland,Noklak,291,8.314285714285715,21.122571463012832,65,189,37,1,3,Underserved Region
Nagaland,Peren,1404,21.6,79.76778798487518,494,815,95,5,3,Underserved Region
Nagaland,Phek,931,7.631147540983607,28.53711540602974,285,608,38,5,3,Underserved Region
Nagaland,Shamator,207,5.447368421052632,6.79307027038844,3,181,23,1,3,Underserved Region
Nagaland,Tseminyu,21,1.9090909090909092,0.7006490497453707,5,8,8,1,3,Underserved Region
Nagaland,Tuensang,1453,14.245098039215685,60.292100245143956,455,916,82,6,3,Underserved Region
Nagaland,Wokha,492,8.785714285714286,32.85212835818005,104,358,30,4,3,Underserved Region
Nagaland,Zunheboto,666,6.865979381443299,35.25225432093533,109,510,47,6,3,Underserved Region
Odisha,Angul,2037,3.389351081530782,2.922011820339371,1687,337,13,30,3,Underserved Region
Odisha,Anugal,2,1.0,0.0,1,1,0,1,3,Underserved Region
Odisha,Anugul,106,1.2470588235294118,0.5324221908934132,83,23,0,17,3,Underserved Region
Odisha,Balangir,3725,4.445107398568019,3.831731773949733,2908,761,56,30,3,Underserved Region
Odisha,Baleshwar,533,1.488826815642458,0.8687788965229376,381,152,0,55,1,Growing Region
Odisha,Baleswar,4074,3.3095044679122663,2.5915872020429935,3207,863,4,53,1,Growing Region
Odisha,Bargarh,3773,4.782002534854246,4.510352507411178,3124,647,2,26,3,Underserved Region
Odisha,Baudh,95,1.6666666666666667,0.9128709291752767,73,22,0,5,3,Underserved Region
Odisha,Bhadrak,3124,3.3447537473233404,2.8414685478509982,2268,842,14,42,3,Underserved Region
Odisha,Boudh,938,3.1904761904761907,2.5514055106227125,760,176,2,13,3,Underserved Region
Odisha,Cuttack,3307,2.666935483870968,2.2508978308816157,2548,744,15,71,1,Growing Region
Odisha,Debagarh,591,3.8129032258064517,3.0807047110276504,511,75,5,6,3,Underserved Region
Odisha,Dhenkanal,1884,3.4007220216606497,2.816587302872759,1478,398,8,22,3,Underserved Region
Odisha,Gajapati,1422,3.683937823834197,3.2955855615545278,1140,265,17,16,3,Underserved Region
Odisha,Ganjam,4816,2.7725964306275186,2.108679614782273,4059,748,9,78,1,Growing Region
Odisha,Jagatsinghapur,2077,3.355411954765751,3.9531662313073506,1813,241,23,31,3,Underserved Region
Odisha,Jagatsinghpur,404,1.9901477832512315,2.193577817497781,344,60,0,28,3,Underserved Region
Odisha,Jajapur,1580,2.273381294964029,1.6572509240600934,1230,348,2,43,3,Underserved Region
Odisha,Jajpur,1611,2.2406119610570236,1.7746960706239068,1215,349,47,41,3,Underserved Region
Odisha,Jharsuguda,639,2.1808873720136517,1.3915264227519004,568,71,0,19,3,Underserved Region
Odisha,Kalahandi,3398,4.200247218788628,3.292949254132591,2493,845,60,26,3,Underserved Region
Odisha,Kandhamal,2123,3.7311072056239016,3.1162509646615963,1771,344,8,27,3,Underserved Region
Odisha,Kendrapara,2715,3.085227272727273,2.6396400525434194,2107,564,44,43,3,Underserved Region
Odisha,Kendujhar,3873,3.563017479300828,3.0690988387496807,3032,827,14,46,3,Underserved Region
Odisha,Khorda,2751,2.5710280373831775,2.403244974419166,2099,490,162,64,1,Growing Region
Odisha,Khordha,334,1.6954314720812182,6.130271945363149,233,88,13,50,1,Growing Region
Odisha,Koraput,3325,4.251918158567775,3.776972502408037,2371,908,46,34,3,Underserved Region
Odisha,Malkangiri,2430,7.253731343283582,9.118880990911652,1995,431,4,11,3,Underserved Region
Odisha,Mayurbhanj,5816,3.3310423825887745,2.8226120828272623,4356,1427,33,69,1,Growing Region
Odisha,Nabarangapur,5437,8.066765578635016,12.566612735531253,3617,1755,65,16,3,Underserved Region
Odisha,Nabarangpur,442,442.0,0.0,327,103,12,1,2,Stable Service Area
Odisha,Nayagarh,1530,2.7617328519855597,2.292589183738023,1302,217,11,25,3,Underserved Region
Odisha,Nuapada,1635,5.5993150684931505,4.111888665228677,1294,339,2,8,3,Underserved Region
Odisha,Puri,2263,3.0013262599469495,2.4573381645391166,1847,412,4,36,3,Underserved Region
Odisha,Rayagada,2412,4.872727272727273,5.038913717638888,1841,568,3,19,3,Underserved Region
Odisha,Sambalpur,1632,2.9511754068716094,2.519374827554034,1384,247,1,28,3,Underserved Region
Odisha,Sonapur,1011,4.011904761904762,2.99066561480531,840,170,1,9,3,Underserved Region
Odisha,Subarnapur,233,1.8492063492063493,1.1247574694481322,193,40,0,9,3,Underserved Region
Odisha,Sundargarh,369,1.3566176470588236,0.6086949570053476,286,83,0,46,3,Underserved Region
Odisha,Sundergarh,2599,2.630566801619433,2.173375992378286,2084,500,15,58,1,Growing Region
Orissa,Anugul,33,1.0,0.0,27,6,0,18,3,Underserved Region
Orissa,Balangir,262,1.5321637426900585,0.8696622042501353,185,77,0,26,3,Underserved Region
Orissa,Baleshwar,240,1.2765957446808511,0.5550787450838194,198,42,0,44,3,Underserved Region
Orissa,Baleswar,3,1.0,0.0,2,1,0,3,3,Underserved Region
Orissa,Bargarh,60,1.3953488372093024,0.7603111795186209,56,4,0,12,3,Underserved Region
Orissa,Baudh,4,1.0,0.0,4,0,0,3,3,Underserved Region
Orissa,Bhadrak,232,1.3892215568862276,0.8701910841338212,198,34,0,34,3,Underserved Region
Orissa,Cuttack,203,1.326797385620915,0.7329650074173959,160,43,0,45,3,Underserved Region
Orissa,Debagarh,4,1.0,0.0,4,0,0,2,3,Underserved Region
Orissa,Dhenkanal,74,1.1746031746031746,0.3826765896260495,59,15,0,16,3,Underserved Region
Orissa,Gajapati,8,1.0,0.0,8,0,0,7,3,Underserved Region
Orissa,Ganjam,249,1.296875,0.6943229969428993,205,44,0,44,3,Underserved Region
Orissa,Jagatsinghapur,29,1.2083333333333333,0.6580053301400783,25,4,0,13,3,Underserved Region
Orissa,Jajapur,68,1.1929824561403508,0.44072166837180937,56,12,0,26,3,Underserved Region
Orissa,Jharsuguda,17,1.3076923076923077,0.8548504142651102,17,0,0,4,3,Underserved Region
Orissa,Kalahandi,9,1.125,0.3535533905932738,9,0,0,7,3,Underserved Region
Orissa,Kandhamal,20,1.0,0.0,18,2,0,14,3,Underserved Region
Orissa,Kendrapara,34,1.0625,0.24593468841898236,31,3,0,18,3,Underserved Region
Orissa,Kendrapara *,1,1.0,0.0,1,0,0,1,3,Underserved Region
Orissa,Kendujhar,33,1.03125,0.1767766952966369,26,7,0,19,3,Underserved Region
Orissa,Khorda,2,1.0,0.0,1,1,0,2,3,Underserved Region
Orissa,Khordha,420,1.5498154981549817,1.0664539558307549,346,74,0,51,1,Growing Region
Orissa,Koraput,83,1.3387096774193548,0.6514435014968812,63,20,0,19,3,Underserved Region
Orissa,Malkangiri,35,1.3461538461538463,0.6287961636211018,28,7,0,6,3,Underserved Region
Orissa,Mayurbhanj,28,1.0,0.0,27,1,0,21,3,Underserved Region
Orissa,Nabarangapur,2,1.0,0.0,1,1,0,2,3,Underserved Region
Orissa,Nayagarh,56,1.12,0.3854496446637727,46,10,0,16,3,Underserved Region
Orissa,Nuapada,2,1.0,0.0,2,0,0,2,3,Underserved Region
Orissa,Puri,133,1.2201834862385321,0.5332951056636192,109,24,0,30,3,Underserved Region
Orissa,Rayagada,122,2.1785714285714284,2.081146037924497,99,23,0,6,3,Underserved Region
Orissa,Sambalpur,19,1.0,0.0,15,4,0,13,3,Underserved Region
Orissa,Sonapur,8,1.1428571428571428,0.37796447300922725,8,0,0,1,3,Underserved Region
Orissa,Subarnapur,6,1.5,1.0,6,0,0,1,3,Underserved Region
Orissa,Sundargarh,82,1.2615384615384615,0.5667043728028275,67,15,0,25,3,Underserved Region
Orissa,Sundergarh,1,1.0,0.0,0,1,0,1,3,Underserved Region
Pondicherry,Karaikal,90,1.3432835820895523,0.6167421445857145,82,8,0,8,3,Underserved Region
Pondicherry,Pondicherry,649,1.996923076923077,1.578205070345605,594,55,0,25,3,Underserved Region
Pondicherry,Yanam,10,1.25,0.4629100498862757,8,2,0,1,3,Underserved Region
Puducherry,Karaikal,227,1.7734375,1.1169054813773227,188,27,12,8,3,Underserved Region
Puducherry,Pondicherry,3,1.0,0.0,3,0,0,3,3,Underserved Region
Puducherry,Puducherry,792,2.073298429319372,1.631342976034422,697,65,30,27,3,Underserved Region
Puducherry,Yanam,5,1.0,0.0,4,1,0,1,3,Underserved Region
Punjab,Amritsar,8388,9.403587443946188,76.03450918130795,6451,1691,246,43,0,High Activity Hub
Punjab,Barnala,661,3.074418604651163,3.2025174839751105,587,66,8,12,3,Underserved Region
Punjab,Bathinda,2015,4.342672413793103,4.938611282100997,1742,255,18,22,3,Underserved Region
Punjab,Faridkot,647,3.3697916666666665,2.7862271509111918,560,77,10,9,3,Underserved Region
Punjab,Fatehgarh Sahib,696,2.7509881422924902,2.608983452347052,577,107,12,18,3,Underserved Region
Punjab,Fazilka,1485,4.900990099009901,4.34940420026153,1246,229,10,11,3,Underserved Region
Punjab,Ferozepur,891,2.716463414634146,2.323020743515694,801,85,5,18,3,Underserved Region
Punjab,Firozpur,244,1.525,0.9380161053182822,204,40,0,21,3,Underserved Region
Punjab,Gurdaspur,3978,5.213630406290957,27.054775250165665,3359,493,126,36,3,Underserved Region
Punjab,Hoshiarpur,3140,4.214765100671141,23.465704716198324,2562,369,209,53,1,Growing Region
Punjab,Jalandhar,2723,2.6933728981206726,2.3171648771160003,2075,582,66,72,1,Growing Region
Punjab,Kapurthala,3348,8.628865979381443,37.466627931130866,1752,411,1185,24,3,Underserved Region
Punjab,Ludhiana,15879,10.898421413864105,52.24617451667858,10728,4330,821,73,0,High Activity Hub
Punjab,Malerkotla,652,4.6571428571428575,4.851420363954286,531,115,6,6,3,Underserved Region
Punjab,Mansa,755,3.0443548387096775,2.6207766076920573,652,84,19,11,3,Underserved Region
Punjab,Moga,997,2.5762273901808785,2.2130683995091216,829,135,33,23,3,Underserved Region
Punjab,Muktsar,220,1.9130434782608696,1.2180313235342524,194,26,0,13,3,Underserved Region
Punjab,Nawanshahr,115,1.3372093023255813,0.8060136492243651,95,20,0,25,3,Underserved Region
Punjab,Pathankot,797,3.511013215859031,3.6728629732374376,720,62,15,13,3,Underserved Region
Punjab,Patiala,4273,8.07750472589792,51.57753471911206,3497,703,73,23,3,Underserved Region
Punjab,Rupnagar,815,2.1733333333333333,1.6864776232190393,725,78,12,28,3,Underserved Region
Punjab,S.A.S Nagar,705,352.5,99.7020561473032,493,164,48,1,2,Stable Service Area
Punjab,S.A.S Nagar(Mohali),151,1.2796610169491525,0.5529345677791458,123,28,0,21,3,Underserved Region
Punjab,Sangrur,1606,3.9851116625310175,8.563475411265058,1411,166,29,20,3,Underserved Region
Punjab,Sas Nagar (Mohali),2161,3.797891036906854,12.028557383474649,1690,415,56,27,3,Underserved Region
Punjab,Shaheed Bhagat Singh Nagar,613,1.9096573208722742,1.4387278042437526,494,85,34,30,3,Underserved Region
Punjab,Sri Muktsar Sahib,949,3.081168831168831,2.5758656741769728,817,124,8,16,3,Underserved Region
Punjab,Tarn Taran,2101,3.71858407079646,16.36118562802557,1850,232,19,30,3,Underserved Region
Rajasthan,Ajmer,10099,6.448914431673052,32.65432676275498,7553,2398,148,54,1,Growing Region
Rajasthan,Alwar,21054,10.763803680981596,56.25348583595477,14174,6584,296,48,0,High Activity Hub
Rajasthan,Balotra,1,1.0,0.0,1,0,0,1,3,Underserved Region
Rajasthan,Banswara,6182,8.049479166666666,8.156721082379383,3556,2598,28,18,3,Underserved Region
Rajasthan,Baran,5583,9.305,23.31611840112954,4015,1491,77,16,3,Underserved Region
Rajasthan,Barmer,14086,10.504101416853095,27.304463954132924,9304,4693,89,27,0,High Activity Hub
Rajasthan,Beawar,1,1.0,0.0,1,0,0,1,3,Underserved Region
Rajasthan,Bharatpur,15363,9.982456140350877,39.9320987910656,9259,5931,173,32,0,High Activity Hub
Rajasthan,Bhilwara,9433,7.008172362555721,21.518297048884303,6644,2611,178,33,0,High Activity Hub
Rajasthan,Bikaner,12059,10.913122171945702,56.31072937289757,6803,5059,197,27,0,High Activity Hub
Rajasthan,Bundi,4163,6.434312210200927,14.548252066389416,2891,1149,123,17,3,Underserved Region
Rajasthan,Chittaurgarh,256,1.6305732484076434,1.0333330699161474,201,54,1,32,3,Underserved Region
Rajasthan,Chittorgarh,5098,5.683389074693422,30.582990182474852,3070,1905,123,34,3,Underserved Region
Rajasthan,Churu,11500,10.492700729927007,44.74653060815464,7040,4300,160,27,0,High Activity Hub
Rajasthan,Dausa,4823,4.946666666666666,3.93468578472332,3317,1458,48,29,3,Underserved Region
Rajasthan,Deeg,61,1.7428571428571429,1.4213261649694946,14,35,12,10,3,Underserved Region
Rajasthan,Dhaulpur,90,1.9148936170212767,1.4719077717155489,58,32,0,11,3,Underserved Region
Rajasthan,Dholpur,7730,11.801526717557252,38.7145556249511,5165,2416,149,13,3,Underserved Region
Rajasthan,Didwana-Kuchaman,2,1.0,0.0,2,0,0,2,3,Underserved Region
Rajasthan,Dungarpur,5351,5.383299798792756,6.894614765599462,3058,2241,52,26,3,Underserved Region
Rajasthan,Ganganagar,4463,5.238262910798122,5.833030529457966,3363,1058,42,32,3,Underserved Region
Rajasthan,Hanumangarh,4116,6.803305785123967,30.815666260312096,2941,1134,41,19,3,Underserved Region
Rajasthan,Jaipur,27088,8.299019607843137,36.2580315718734,18545,7820,723,81,0,High Activity Hub
Rajasthan,Jaisalmer,2446,6.130325814536341,9.022476548010939,1406,989,51,15,3,Underserved Region
Rajasthan,Jalor,12823,12.77191235059761,27.275024967310014,7175,5416,232,21,0,High Activity Hub
Rajasthan,Jalore,494,98.8,218.68744819947943,298,183,13,4,3,Underserved Region
Rajasthan,Jhalawar,6088,7.3173076923076925,8.052641991520478,4272,1760,56,18,3,Underserved Region
Rajasthan,Jhunjhunu,195,1.3732394366197183,0.7495545242453692,122,73,0,36,3,Underserved Region
Rajasthan,Jhunjhunun,5683,3.8738922972051806,3.3151508492777872,4216,1384,83,50,1,Growing Region
Rajasthan,Jodhpur,20075,11.227628635346756,59.51562718957093,13092,6080,903,43,0,High Activity Hub
Rajasthan,Karauli,7437,7.746875,34.2985951524505,4992,2336,109,25,3,Underserved Region
Rajasthan,Kota,6117,5.451871657754011,5.151401000252724,4422,1593,102,30,3,Underserved Region
Rajasthan,Nagaur,15065,8.259320175438596,45.760426612417184,10009,4850,206,47,0,High Activity Hub
Rajasthan,Pali,7312,4.960651289009498,6.930148906488095,5005,2191,116,44,1,Growing Region
Rajasthan,Pratapgarh,3262,6.550200803212851,5.917821697355328,2247,997,18,15,3,Underserved Region
Rajasthan,Rajsamand,3490,4.428934010152284,3.8522622117552636,2361,1101,28,31,3,Underserved Region
Rajasthan,Salumbar,1,1.0,0.0,1,0,0,1,3,Underserved Region
Rajasthan,Sawai Madhopur,5739,6.306593406593406,30.496865615416176,3869,1789,81,27,3,Underserved Region
Rajasthan,Sikar,9049,5.049665178571429,16.871084421530433,6431,2444,174,56,1,Growing Region
Rajasthan,Sirohi,9698,12.710353866317169,68.3149356342704,4857,4464,377,19,0,High Activity Hub
Rajasthan,Tonk,5049,7.876755070202808,39.141076242918764,3549,1443,57,16,3,Underserved Region
Rajasthan,Udaipur,12695,7.629206730769231,22.208277488981263,7310,5197,188,44,0,High Activity Hub
Sikkim,East,245,1.7375886524822695,0.9902769459018018,136,108,1,10,3,Underserved Region
Sikkim,East Sikkim,227,1.6214285714285714,0.893363679542661,113,96,18,11,3,Underserved Region
Sikkim,Mangan,3,1.0,0.0,0,2,1,2,3,Underserved Region
Sikkim,Namchi,18,1.125,0.3415650255319866,3,4,11,4,3,Underserved Region
Sikkim,North,36,1.3846153846153846,0.6373020054525532,26,10,0,6,3,Underserved Region
Sikkim,North Sikkim,45,1.5,0.9001915504970076,31,14,0,5,3,Underserved Region
Sikkim,South,126,1.75,1.1352234997418778,57,68,1,7,3,Underserved Region
Sikkim,South Sikkim,416,6.4,32.4950957838256,163,228,25,6,3,Underserved Region
Sikkim,West,155,2.1232876712328768,1.2577007844945125,66,84,5,3,3,Underserved Region
Sikkim,West Sikkim,440,6.666666666666667,25.694257564577953,173,229,38,3,3,Underserved Region
Tamil Nadu,Ariyalur,1571,2.676320272572402,2.4110457036947786,1191,310,70,31,3,Underserved Region
Tamil Nadu,Chengalpattu,897,2.3238341968911915,9.01233220394455,566,262,69,48,3,Underserved Region
Tamil Nadu,Chennai,7239,3.7880690737833596,6.111407579653838,5337,1718,184,90,1,Growing Region
Tamil Nadu,Coimbatore,5835,2.665600730927364,2.828364083522032,4481,1312,42,122,1,Growing Region
Tamil Nadu,Cuddalore,5659,3.2635524798154556,4.090053556360538,4740,875,44,70,1,Growing Region
Tamil Nadu,Dharmapuri,4110,4.276795005202914,3.6985882059656707,3369,699,42,40,3,Underserved Region
Tamil Nadu,Dindigul,4220,3.1305637982195846,2.579258937716445,3126,1082,12,57,1,Growing Region
Tamil Nadu,Erode,3878,2.8451944240645632,2.050453197188423,3087,785,6,63,1,Growing Region
Tamil Nadu,Kallakurichi,724,2.3205128205128207,10.330230465604533,555,132,37,40,3,Underserved Region
Tamil Nadu,Kancheepuram,9218,3.6291338582677164,5.633644085767903,6608,2543,67,104,1,Growing Region
Tamil Nadu,Kanchipuram,387,96.75,170.21236735325667,277,89,21,4,3,Underserved Region
Tamil Nadu,Kanniyakumari,1227,1.723314606741573,1.134110541106461,1111,115,1,70,1,Growing Region
Tamil Nadu,Kanyakumari,1054,1.5568685376661744,0.8979435424753348,961,77,16,67,1,Growing Region
Tamil Nadu,Karur,2697,3.2376950780312126,3.944466726678319,2170,524,3,37,3,Underserved Region
Tamil Nadu,Krishnagiri,3421,3.545077720207254,3.0178048958111114,2721,693,7,38,3,Underserved Region
Tamil Nadu,Madurai,6919,4.348837209302325,5.1519914540558975,6052,830,37,60,1,Growing Region
Tamil Nadu,Mayiladuthurai,310,1.3025210084033614,0.7297721955258996,250,59,1,42,3,Underserved Region
Tamil Nadu,Nagapattinam,2499,1.9061784897025171,1.3357846292537927,1925,574,0,94,1,Growing Region
Tamil Nadu,Namakkal,3138,2.8501362397820165,4.54295383279165,2669,460,9,59,1,Growing Region
Tamil Nadu,Namakkal   *,1,1.0,0.0,0,1,0,1,3,Underserved Region
Tamil Nadu,Perambalur,1276,2.482490272373541,1.9104424298269156,1094,182,0,25,3,Underserved Region
Tamil Nadu,Pudukkottai,5101,3.5998588567395906,5.778156312834109,3721,1346,34,60,1,Growing Region
Tamil Nadu,Ramanathapuram,2470,2.40272373540856,3.996989175233484,1917,510,43,59,1,Growing Region
Tamil Nadu,Ranipet,74,1.1384615384615384,0.39038935199854796,60,13,1,20,3,Underserved Region
Tamil Nadu,Salem,6615,3.054016620498615,5.325466294101218,5178,1220,217,90,1,Growing Region
Tamil Nadu,Sivaganga,2864,2.4710957722174287,3.2803362580346227,2303,541,20,82,1,Growing Region
Tamil Nadu,Tenkasi,705,1.5950226244343892,0.967158038114138,611,94,0,46,3,Underserved Region
Tamil Nadu,Thanjavur,4636,2.4234187140616834,2.4887856049593644,3533,1083,20,109,1,Growing Region
Tamil Nadu,The Nilgiris,1059,1.9757462686567164,1.618055081194841,742,312,5,48,3,Underserved Region
Tamil Nadu,Theni,2325,3.2291666666666665,2.712251988366966,1867,457,1,33,3,Underserved Region
Tamil Nadu,Thiruvallur,507,3.8702290076335877,30.126501736348835,374,123,10,44,3,Underserved Region
Tamil Nadu,Thiruvarur,2605,2.1076051779935274,1.6123733384210048,1997,605,3,75,1,Growing Region
Tamil Nadu,Thoothukkudi,3377,2.4904129793510323,2.540720089799276,2717,657,3,92,1,Growing Region
Tamil Nadu,Tiruchirappalli,6790,3.3613861386138613,3.5409014697993304,5583,1202,5,95,1,Growing Region
Tamil Nadu,Tirunelveli,5989,2.644150110375276,2.231637377312306,4987,1000,2,124,1,Growing Region
Tamil Nadu,Tirupathur,3,1.0,0.0,3,0,0,1,3,Underserved Region
Tamil Nadu,Tirupattur,580,1.8125,1.0982316935258134,506,72,2,27,3,Underserved Region
Tamil Nadu,Tiruppur,4076,3.0486163051608077,2.5635398343226674,3209,862,5,69,1,Growing Region
Tamil Nadu,Tiruvallur,8386,3.8878071395456653,3.4371408955804332,6198,2133,55,77,1,Growing Region
Tamil Nadu,Tiruvannamalai,4403,2.7814276689829436,2.195037209794371,3830,542,31,71,1,Growing Region
Tamil Nadu,Tiruvarur,1,1.0,0.0,1,0,0,1,3,Underserved Region
Tamil Nadu,Tuticorin,2,1.0,0.0,1,1,0,1,3,Underserved Region
Tamil Nadu,Vellore,6270,2.920353982300885,6.835075527758617,5171,1046,53,111,1,Growing Region
Tamil Nadu,Villupuram,4285,2.579771222155328,2.2943986682427253,3595,687,3,93,1,Growing Region
Tamil Nadu,Viluppuram,3238,2.208731241473397,1.757699442775277,2643,595,0,90,1,Growing Region
Tamil Nadu,Virudhunagar,3585,3.0614859094790776,2.955159621488575,3094,480,11,65,1,Growing Region
Telangana,Adilabad,2074,2.9335219236209333,3.006573424036419,1696,375,3,49,1,Growing Region
Telangana,Bhadradri Kothagudem,2453,4.717307692307692,19.8219164155951,1872,542,39,25,3,Underserved Region
Telangana,Hanumakonda,613,1.7819767441860466,1.2966072073632995,522,86,5,30,3,Underserved Region
Telangana,Hyderabad,23317,11.210096153846154,56.580696980454555,17493,5170,654,73,0,High Activity Hub
Telangana,Jagitial,882,2.290909090909091,1.4643490641982126,796,77,9,21,3,Underserved Region
Telangana,Jangaon,44,1.2571428571428571,0.505432670960188,35,9,0,6,3,Underserved Region
Telangana,Jangoan,642,2.26056338028169,1.6883704375772064,538,104,0,19,3,Underserved Region
Telangana,Jayashankar Bhupalpally,557,2.4217391304347826,1.7054898569542747,415,138,4,11,3,Underserved Region
Telangana,Jogulamba Gadwal,1355,4.608843537414966,4.188403056026993,1108,245,2,10,3,Underserved Region
Telangana,K.V. Rangareddy,13289,4.69078715142958,5.082133652938688,10154,2980,155,97,1,Growing Region
Telangana,Kamareddy,1289,2.7780172413793105,2.399665102561962,1164,123,2,22,3,Underserved Region
Telangana,Karimnagar,3717,2.54066985645933,2.5103520476703243,3156,554,7,82,1,Growing Region
Telangana,Khammam,2696,2.9922308546059933,2.8707230246794477,1785,902,9,54,1,Growing Region
Telangana,Komaram Bheem,748,3.3244444444444445,2.3804594727882473,597,151,0,10,3,Underserved Region
Telangana,Mahabubabad,955,2.638121546961326,1.7642132918675202,758,196,1,18,3,Underserved Region
Telangana,Mahabubnagar,7506,4.0837867247007615,4.034897906130878,5549,1941,16,72,1,Growing Region
Telangana,Mancherial,643,2.0031152647975077,1.2930062895429038,520,122,1,21,3,Underserved Region
Telangana,Medak,5139,3.0644007155635062,2.6678771430314687,4054,1078,7,75,1,Growing Region
Telangana,Medchal Malkajgiri,704,352.0,76.36753236814714,409,265,30,2,2,Stable Service Area
Telangana,Medchal-Malkajgiri,3079,4.110814419225634,5.402242850129052,2241,735,103,30,3,Underserved Region
Telangana,Medchal?Malkajgiri,2,1.0,0.0,1,1,0,1,3,Underserved Region
Telangana,Medchal−Malkajgiri,316,1.8372093023255813,1.3710495839991732,246,68,2,17,3,Underserved Region
Telangana,Mulugu,644,2.752136752136752,2.0145649181758256,460,181,3,12,3,Underserved Region
Telangana,Nagarkurnool,866,2.4055555555555554,1.6763045382575859,654,210,2,22,3,Underserved Region
Telangana,Nalgonda,4811,3.5663454410674573,3.315429275102707,3801,1000,10,57,1,Growing Region
Telangana,Narayanpet,876,2.979591836734694,2.0900198008602073,704,168,4,15,3,Underserved Region
Telangana,Nirmal,856,3.101449275362319,2.4099486379210773,767,86,3,13,3,Underserved Region
Telangana,Nizamabad,4534,3.80688497061293,3.722019821137711,4035,490,9,53,1,Growing Region
Telangana,Peddapalli,347,1.6602870813397128,0.9924725891756399,285,59,3,18,3,Underserved Region
Telangana,Rajanna Sircilla,491,2.360576923076923,1.6622502802088062,440,48,3,14,3,Underserved Region
Telangana,Ranga Reddy,284,284.0,0.0,181,93,10,1,3,Underserved Region
Telangana,Rangareddy,182,1.956989247311828,1.4058416827081366,137,43,2,6,3,Underserved Region
Telangana,Sangareddy,1884,2.9300155520995332,2.945467688890818,1510,363,11,36,3,Underserved Region
Telangana,Siddipet,1119,2.1898238747553815,1.8152875233550436,981,137,1,32,3,Underserved Region
Telangana,Suryapet,1372,3.243498817966903,2.5564339525809294,1139,231,2,19,3,Underserved Region
Telangana,Vikarabad,1847,3.5794573643410854,2.9182193826319787,1445,400,2,24,3,Underserved Region
Telangana,Wanaparthy,1185,3.4347826086956523,2.313247119220163,879,306,0,13,3,Underserved Region
Telangana,Warangal,1794,1.9735973597359735,1.452389166665312,1438,356,0,72,1,Growing Region
Telangana,Warangal (Urban),7,1.4,0.5477225575051661,6,1,0,2,3,Underserved Region
Telangana,Warangal Rural,416,1.7261410788381744,1.1066565847996828,357,57,2,21,3,Underserved Region
Telangana,Warangal Urban,449,2.245,2.3263781240115273,376,68,5,24,3,Underserved Region
Telangana,Yadadri.,982,2.774011299435028,1.918982928174585,815,166,1,15,3,Underserved Region
The Dadra And Nagar Haveli And Daman And Diu,Dadra And Nagar Haveli,716,358.0,154.14927829866735,548,141,27,1,2,Stable Service Area
Tripura,Dhalai,1159,4.261029411764706,7.667554422260069,612,511,36,12,3,Underserved Region
Tripura,Dhalai  *,28,1.8666666666666667,1.245945806357946,24,4,0,4,3,Underserved Region
Tripura,Gomati,521,3.2974683544303796,9.830091260354113,343,167,11,8,3,Underserved Region
Tripura,Khowai,226,2.3789473684210525,1.5923951407971866,113,73,40,5,3,Underserved Region
Tripura,North Tripura,1127,3.2761627906976742,11.739242272804603,773,328,26,20,3,Underserved Region
Tripura,Sepahijala,1532,7.584158415841584,23.003251912326306,978,524,30,7,3,Underserved Region
Tripura,South Tripura,1684,4.028708133971292,3.379177138777047,1007,671,6,21,3,Underserved Region
Tripura,Unakoti,450,2.6315789473684212,3.9983742826334745,285,140,25,8,3,Underserved Region
Tripura,West Tripura,2024,3.280388978930308,6.948382590766757,1359,596,69,36,3,Underserved Region
Uttar Pradesh,Agra,27961,18.039354838709677,88.5377103017922,15138,11923,900,29,0,High Activity Hub
Uttar Pradesh,Aligarh,24576,16.80984952120383,119.45618603506655,12861,11134,581,39,0,High Activity Hub
Uttar Pradesh,Allahabad,10883,5.950246036085293,4.612943946558857,5912,4924,47,52,1,Growing Region
Uttar Pradesh,Ambedkar Nagar,6533,5.627045650301464,10.086501339985784,3128,3356,49,34,3,Underserved Region
Uttar Pradesh,Amethi,5823,4.844425956738768,4.183738756973594,3133,2639,51,39,3,Underserved Region
Uttar Pradesh,Amroha,7477,11.868253968253969,33.653146728127396,5100,2317,60,14,3,Underserved Region
Uttar Pradesh,Auraiya,3109,5.105090311986864,4.365925592923997,1765,1327,17,18,3,Underserved Region
Uttar Pradesh,Ayodhya,1325,3.5427807486631018,31.377696331937035,747,546,32,34,3,Underserved Region
Uttar Pradesh,Azamgarh,17804,8.494274809160306,36.1388460845596,5848,11685,271,49,0,High Activity Hub
Uttar Pradesh,Baghpat,6064,8.813953488372093,28.224154387641047,2993,2918,153,20,3,Underserved Region
Uttar Pradesh,Bagpat,1,1.0,0.0,0,1,0,1,3,Underserved Region
Uttar Pradesh,Bahraich,38186,28.79788838612368,109.09084265076838,14222,21706,2258,25,0,High Activity Hub
Uttar Pradesh,Ballia,7984,5.276933245208196,4.5436569084848735,3223,4724,37,39,3,Underserved Region
Uttar Pradesh,Balrampur,11486,14.93628088426528,62.71703854751906,3863,7390,233,16,0,High Activity Hub
Uttar Pradesh,Banda,10016,17.092150170648463,71.52974426309115,4529,5284,203,15,0,High Activity Hub
Uttar Pradesh,Bara Banki,7381,5.2421875,7.856134188906198,4610,2683,88,41,3,Underserved Region
Uttar Pradesh,Barabanki,2184,10.705882352941176,82.66814043547846,1282,850,52,28,3,Underserved Region
Uttar Pradesh,Bareilly,26503,20.062831188493565,91.98162606792448,16302,9616,585,28,0,High Activity Hub
Uttar Pradesh,Basti,8848,7.33665008291874,10.160019279326914,4198,4570,80,34,3,Underserved Region
Uttar Pradesh,Bhadohi,346,1.7835051546391754,1.0842901178000215,171,171,4,14,3,Underserved Region
Uttar Pradesh,Bijnor,14852,11.328756674294432,30.25246574864284,11301,3478,73,28,0,High Activity Hub
Uttar Pradesh,Budaun,14455,13.560037523452158,68.38439171776643,7235,6886,334,27,0,High Activity Hub
Uttar Pradesh,Bulandshahar,127,1.4431818181818181,0.9572224491396375,69,58,0,25,3,Underserved Region
Uttar Pradesh,Bulandshahr,15067,9.602931803696622,42.87851867599945,8093,6770,204,52,0,High Activity Hub
Uttar Pradesh,Chandauli,8675,11.179123711340207,49.45812307206745,3929,4574,172,22,0,High Activity Hub
Uttar Pradesh,Chitrakoot,5034,12.46039603960396,11.579948265336728,2747,2273,14,9,3,Underserved Region
Uttar Pradesh,Deoria,8825,7.555650684931507,22.75555400260071,4006,4706,113,31,3,Underserved Region
Uttar Pradesh,Etah,10630,17.687188019966722,118.52913278562755,6358,4114,158,18,0,High Activity Hub
Uttar Pradesh,Etawah,6349,9.228197674418604,45.089191457227834,3633,2600,116,16,3,Underserved Region
Uttar Pradesh,Faizabad,5284,4.316993464052287,4.26848407335713,3007,2274,3,38,3,Underserved Region
Uttar Pradesh,Farrukhabad,4960,5.694603903559128,8.084948740470198,2391,2492,77,25,3,Underserved Region
Uttar Pradesh,Fatehpur,11039,10.146139705882353,48.31508593371921,5764,5057,218,27,0,High Activity Hub
Uttar Pradesh,Firozabad,11435,14.493029150823828,127.7140147280031,6778,4537,120,26,0,High Activity Hub
Uttar Pradesh,Gautam Buddha Nagar,18096,19.95148842337376,102.9795295968769,8478,8985,633,29,0,High Activity Hub
Uttar Pradesh,Ghaziabad,21316,16.03912716328066,90.23651972460294,10921,10006,389,33,0,High Activity Hub
Uttar Pradesh,Ghazipur,9327,5.768089053803339,4.940364245999843,3563,5693,71,42,1,Growing Region
Uttar Pradesh,Gonda,13578,8.992052980132451,31.33747034258414,6591,6665,322,35,0,High Activity Hub
Uttar Pradesh,Gorakhpur,17821,9.74890590809628,37.60340785523586,6568,10834,419,41,0,High Activity Hub
Uttar Pradesh,Hamirpur,2792,5.297912713472486,4.600840496858993,1619,1148,25,17,3,Underserved Region
Uttar Pradesh,Hapur,6888,20.258823529411764,115.10286823488799,4184,2664,40,16,0,High Activity Hub
Uttar Pradesh,Hardoi,23771,18.384377416860016,119.78154769208304,11810,11660,301,23,0,High Activity Hub
Uttar Pradesh,Hathras,5835,8.935681470137826,37.05772521197317,3407,2347,81,20,3,Underserved Region
Uttar Pradesh,Jalaun,4723,6.596368715083799,22.10484712717116,2342,2258,123,20,3,Underserved Region
Uttar Pradesh,Jaunpur,13516,7.459161147902869,28.508787314221625,4594,8706,216,52,0,High Activity Hub
Uttar Pradesh,Jhansi,6121,6.718990120746432,8.19970928665259,3868,2186,67,27,3,Underserved Region
Uttar Pradesh,Jyotiba Phule Nagar,56,1.3658536585365855,0.6616682537713143,37,19,0,9,3,Underserved Region
Uttar Pradesh,Kannauj,5830,7.752659574468085,29.834429808056285,2703,3031,96,17,3,Underserved Region
Uttar Pradesh,Kanpur Dehat,7090,8.829389788293899,38.67792752729559,3505,3408,177,26,3,Underserved Region
Uttar Pradesh,Kanpur Nagar,22458,12.08719052744887,59.81887882099095,10281,11511,666,49,0,High Activity Hub
Uttar Pradesh,Kasganj,5851,10.855287569573283,68.28862201502407,2944,2756,151,13,3,Underserved Region
Uttar Pradesh,Kaushambi,6666,10.415625,33.54667511377783,3851,2746,69,16,3,Underserved Region
Uttar Pradesh,Kheri,23288,15.939767282683095,62.53257068865875,10617,12222,449,28,0,High Activity Hub
Uttar Pradesh,Kushi Nagar,1570,1570.0,0.0,779,777,14,1,2,Stable Service Area
Uttar Pradesh,Kushinagar,9344,9.95101171458999,15.326571076345946,3918,5396,30,19,3,Underserved Region
Uttar Pradesh,Kushinagar *,4,1.0,0.0,3,1,0,2,3,Underserved Region
Uttar Pradesh,Lalitpur,4190,8.533604887983707,12.554549993914163,2948,1172,70,12,3,Underserved Region
Uttar Pradesh,Lucknow,22702,10.836276849642005,42.06685475340472,12026,10224,452,52,0,High Activity Hub
Uttar Pradesh,Maharajganj,16926,19.103837471783297,74.95743761751551,5820,10640,466,16,0,High Activity Hub
Uttar Pradesh,Mahoba,2522,6.384810126582279,5.341986944919854,1633,879,10,11,3,Underserved Region
Uttar Pradesh,Mahrajganj,12,1.0,0.0,6,6,0,8,3,Underserved Region
Uttar Pradesh,Mainpuri,10692,12.24742268041237,58.54123612029395,4600,5910,182,21,0,High Activity Hub
Uttar Pradesh,Mathura,10195,8.425619834710744,29.160373502124312,5037,5030,128,29,0,High Activity Hub
Uttar Pradesh,Mau,6361,6.717001055966209,6.585440751951376,2178,4139,44,25,3,Underserved Region
Uttar Pradesh,Meerut,22663,20.002647837599294,108.08071430973983,13360,9053,250,24,0,High Activity Hub
Uttar Pradesh,Mirzapur,6798,9.494413407821229,10.92843712417777,3153,3637,8,20,3,Underserved Region
Uttar Pradesh,Moradabad,20683,26.61904761904762,195.5788238479604,14528,5937,218,28,0,High Activity Hub
Uttar Pradesh,Muzaffarnagar,10644,10.517786561264822,45.43915486775521,6439,4081,124,26,0,High Activity Hub
Uttar Pradesh,Pilibhit,13068,29.36629213483146,133.68765950027773,8381,4478,209,9,0,High Activity Hub
Uttar Pradesh,Pratapgarh,8329,5.433137638617091,4.545275328512366,4655,3618,56,39,3,Underserved Region
Uttar Pradesh,Prayagraj,2316,3.8859060402684564,31.012012896353433,1094,1046,176,44,3,Underserved Region
Uttar Pradesh,Rae Bareli,7814,5.1989354624085165,6.1893942135063895,4553,3219,42,45,1,Growing Region
Uttar Pradesh,Raebareli,3,1.5,0.7071067811865476,0,3,0,2,3,Underserved Region
Uttar Pradesh,Rampur,19554,38.416502946954814,172.22543881308812,11669,7592,293,10,0,High Activity Hub
Uttar Pradesh,Saharanpur,17565,18.968682505399567,121.82031114450255,12420,5047,98,23,0,High Activity Hub
Uttar Pradesh,Sambhal,7915,9.433849821215732,20.821209544679053,4250,3551,114,25,3,Underserved Region
Uttar Pradesh,Sant Kabir Nagar,5177,6.487468671679198,5.716578137698509,2292,2850,35,19,3,Underserved Region
Uttar Pradesh,Sant Ravidas Nagar,3681,6.260204081632653,5.12221815896103,1538,2139,4,14,3,Underserved Region
Uttar Pradesh,Sant Ravidas Nagar Bhadohi,62,1.3777777777777778,0.6838689696694592,30,32,0,12,3,Underserved Region
Uttar Pradesh,Shahjahanpur,23390,26.854190585533868,143.37363967709652,12285,10664,441,17,0,High Activity Hub
Uttar Pradesh,Shamli,7640,14.692307692307692,26.673316941620683,5132,2451,57,11,3,Underserved Region
Uttar Pradesh,Shravasti,2535,633.75,403.5413031318273,867,1570,98,2,2,Stable Service Area
Uttar Pradesh,Shrawasti,4609,9.386965376782078,34.70289279768144,1660,2814,135,17,3,Underserved Region
Uttar Pradesh,Siddharth Nagar,4341,723.5,261.53909841551416,1603,2586,152,6,2,Stable Service Area
Uttar Pradesh,Siddharthnagar,13120,13.709508881922675,47.24871036593383,4579,8152,389,19,0,High Activity Hub
Uttar Pradesh,Sitapur,29405,21.385454545454547,99.68350829561258,15449,13225,731,25,0,High Activity Hub
Uttar Pradesh,Sonbhadra,4256,6.37125748502994,6.341828034893156,2511,1732,13,20,3,Underserved Region
Uttar Pradesh,Sultanpur,9890,7.886762360446571,32.025951172256754,4681,5077,132,35,0,High Activity Hub
Uttar Pradesh,Unnao,18088,16.295495495495494,92.86307185823723,9237,8495,356,31,0,High Activity Hub
Uttar Pradesh,Varanasi,21548,13.8216805644644,72.14350815159375,8665,12432,451,42,0,High Activity Hub
Uttarakhand,Almora,818,1.9951219512195122,1.5495012557499772,709,103,6,33,3,Underserved Region
Uttarakhand,Bageshwar,462,2.1,1.4893840472432383,404,56,2,15,3,Underserved Region
Uttarakhand,Chamoli,613,1.946031746031746,1.4388629397891006,544,62,7,26,3,Underserved Region
Uttarakhand,Champawat,592,3.4823529411764707,3.019117644939558,513,78,1,9,3,Underserved Region
Uttarakhand,Dehradun,8075,9.073033707865168,63.82636256939807,6511,1431,133,40,0,High Activity Hub
Uttarakhand,Garhwal,33,1.2222222222222223,0.6405126152203485,31,2,0,15,3,Underserved Region
Uttarakhand,Hardwar,94,1.323943661971831,0.5800159575963392,71,23,0,16,3,Underserved Region
Uttarakhand,Haridwar,4853,7.221726190476191,28.749080534707307,3753,1049,51,21,3,Underserved Region
Uttarakhand,Nainital,3283,7.360986547085202,29.721889983530293,2795,412,76,21,3,Underserved Region
Uttarakhand,Pauri Garhwal,1153,2.2652259332023577,2.3599323104439502,1001,139,13,46,3,Underserved Region
Uttarakhand,Pithoragarh,762,2.164772727272727,1.65933702978008,642,111,9,26,3,Underserved Region
Uttarakhand,Rudraprayag,583,2.534782608695652,2.033799270376825,521,62,0,13,3,Underserved Region
Uttarakhand,Tehri Garhwal,1926,3.689655172413793,3.733369814092033,1641,273,12,25,3,Underserved Region
Uttarakhand,Udham Singh Nagar,5191,9.027826086956521,8.285997884703523,4283,890,18,17,3,Underserved Region
Uttarakhand,Uttarkashi,761,3.1841004184100417,3.210997110502482,627,129,5,11,3,Underserved Region
West  Bengal,Hooghly,15,1.0,0.0,9,6,0,5,3,Underserved Region
West Bangal,Hooghly,4,1.0,0.0,3,1,0,3,3,Underserved Region
West Bangal,Howrah,4,1.3333333333333333,0.5773502691896257,2,2,0,2,3,Underserved Region
West Bengal,24 Paraganas North,6147,198.29032258064515,244.738390061495,3177,2458,512,23,2,Stable Service Area
West Bengal,24 Paraganas South,490,490.0,0.0,364,104,22,1,2,Stable Service Area
West Bengal,Alipurduar,3373,8.876315789473685,36.41947009079359,1316,1621,436,25,3,Underserved Region
West Bengal,Bankura,8947,4.976084538375973,4.6588676962316296,7018,1779,150,74,1,Growing Region
West Bengal,Barddhaman,11471,3.666027484819431,3.535624269843331,9122,2335,14,167,1,Growing Region
West Bengal,Bardhaman,1216,1.6589358799454297,1.2732718761023372,884,329,3,103,1,Growing Region
West Bengal,Birbhum,12722,7.996228786926461,17.97426492531712,10825,1790,107,49,0,High Activity Hub
West Bengal,Burdwan,2,2.0,0.0,2,0,0,1,3,Underserved Region
West Bengal,Cooch Behar,9100,6.951871657754011,26.898239087152767,6034,2821,245,45,0,High Activity Hub
West Bengal,Coochbehar,4410,441.0,389.44918367698074,2140,2087,183,8,2,Stable Service Area
West Bengal,Dakshin Dinajpur,5498,7.470108695652174,10.94185886229205,4467,932,99,27,3,Underserved Region
West Bengal,Darjeeling,6320,6.177908113391984,22.48747467684715,3276,2279,765,63,1,Growing Region
West Bengal,Darjiling,482,2.374384236453202,1.7597631451076001,342,138,2,25,3,Underserved Region
West Bengal,Dinajpur Dakshin,997,498.5,106.77312395916867,707,256,34,2,2,Stable Service Area
West Bengal,Dinajpur Uttar,11671,1061.0,850.600611332957,6478,4859,334,6,2,Stable Service Area
West Bengal,East Midnapore,1305,1.8277310924369747,1.2874466311300299,1052,249,4,77,1,Growing Region
West Bengal,East Midnapur,1,1.0,0.0,1,0,0,1,3,Underserved Region
West Bengal,Haora,2023,2.50061804697157,2.107345031761939,1340,681,2,51,1,Growing Region
West Bengal,Hawrah,4,1.3333333333333333,0.5773502691896257,1,3,0,1,3,Underserved Region
West Bengal,Hooghiy,1,1.0,0.0,1,0,0,1,3,Underserved Region
West Bengal,Hooghly,11785,4.252977264525442,6.819531912156939,8321,3125,339,106,1,Growing Region
West Bengal,Howrah,9481,6.069782330345711,11.624307787344105,6656,2682,143,58,1,Growing Region
West Bengal,Hugli,128,1.103448275862069,0.358239908558438,94,34,0,53,1,Growing Region
West Bengal,Jalpaiguri,8650,4.91198182850653,16.23274183527168,4538,3579,533,71,1,Growing Region
West Bengal,Jhargram,669,2.1305732484076434,3.678643353565624,473,146,50,46,3,Underserved Region
West Bengal,Kalimpong,455,4.46078431372549,20.211099572101823,143,164,148,17,3,Underserved Region
West Bengal,Koch Bihar,2372,2.9724310776942358,2.446258886372911,1522,840,10,39,3,Underserved Region
West Bengal,Kolkata,8548,4.475392670157068,13.49722714583417,4006,3837,705,94,1,Growing Region
West Bengal,Malda,13842,9.258862876254181,15.413549995760672,10225,3533,84,39,0,High Activity Hub
West Bengal,Maldah,1216,2.751131221719457,2.1990641353032845,809,407,0,35,3,Underserved Region
West Bengal,Medinipur,22,1.1,0.44721359549995787,19,3,0,16,3,Underserved Region
West Bengal,Medinipur West,645,322.5,283.5498192558056,325,300,20,2,2,Stable Service Area
West Bengal,Murshidabad,30490,9.694753577106518,12.06722797141618,26503,3904,83,98,0,High Activity Hub
West Bengal,Nadia,14735,6.121728292480266,18.72060548335624,10749,3155,831,79,1,Growing Region
West Bengal,North 24 Parganas,23723,5.585825288438898,9.706023530030807,17677,4718,1328,150,1,Growing Region
West Bengal,North Dinajpur,218,1.676923076923077,1.0726724188064025,163,55,0,15,3,Underserved Region
West Bengal,North Twenty Four Parganas,1086,1.6811145510835914,1.1345931877049094,790,294,2,96,1,Growing Region
West Bengal,Paschim Bardhaman,871,1.4991394148020654,1.0045152971727906,549,234,88,83,1,Growing Region
West Bengal,Paschim Medinipur,14248,5.3283470456245325,5.207684877035489,10968,3130,150,93,1,Growing Region
West Bengal,Purba Bardhaman,1997,2.0566426364572608,2.3524246441023924,1563,311,123,91,1,Growing Region
West Bengal,Purba Medinipur,10247,4.28744769874477,3.9084073674907964,9078,1114,55,103,1,Growing Region
West Bengal,Purulia,530,2.0,1.5275252316519468,356,173,1,29,3,Underserved Region
West Bengal,Puruliya,11285,7.528352234823216,6.391517713730175,8154,2999,132,43,0,High Activity Hub
West Bengal,South 24 Pargana,2,1.0,0.0,1,1,0,1,3,Underserved Region
West Bengal,South 24 Parganas,29909,8.960155781905332,10.7065875094724,22259,7350,300,92,0,High Activity Hub
West Bengal,South Dinajpur,296,2.0,1.5993195832139682,242,54,0,20,3,Underserved Region
West Bengal,South Twenty Four Parganas,3033,3.2231668437832095,2.9494202392445623,2188,841,4,64,1,Growing Region
West Bengal,Uttar Dinajpur,25659,22.86898395721925,64.22654304859462,17413,7881,365,25,0,High Activity Hub
West Bengal,West Medinipur,2,1.0,0.0,1,1,0,1,3,Underserved Region
West Bengal,West Midnapore,1527,2.478896103896104,2.1229392300661587,1118,406,3,61,1,Growing Region
Westbengal,Hooghly,6,1.0,0.0,3,3,0,3,3,Underserved Region
