state,district,total_enrol,avg_enrol,std_enrol,age_0_5,age_5_17,age_18_plus,pincodes,cluster,cluster_name,priority_score
Andhra Pradesh,Nandyal,483,1.509375,0.9632297339555997,443,34,6,49,3,Underserved Region,0.948
Karnataka,Hasan,514,1.4685714285714286,0.8278018077971456,471,43,0,49,3,Underserved Region,0.945
Maharashtra,Mumbai( Sub Urban ),263,1.3556701030927836,0.7426976556463472,204,59,0,47,3,Underserved Region,0.932
Andhra Pradesh,Sri Sathya Sai,462,1.434782608695652,0.8186502735300379,410,33,19,48,3,Underserved Region,0.931
Himachal Pradesh,Hamirpur,586,1.5380577427821522,0.9715670504391876,570,15,1,48,3,Underserved Region,0.918
Maharashtra,Ahmed Nagar,238,1.5256410256410255,1.2152191781531427,190,48,0,46,3,Underserved Region,0.915
Goa,North Goa,815,1.7414529914529915,2.1831140028389395,607,126,82,49,3,Underserved Region,0.913
Odisha,Sundargarh,369,1.3566176470588236,0.6086949570053476,286,83,0,46,3,Underserved Region,0.902
Orissa,Cuttack,203,1.326797385620915,0.7329650074173959,160,43,0,45,3,Underserved Region,0.898
Tamil Nadu,Chengalpattu,897,2.3238341968911915,9.01233220394455,566,262,69,48,3,Underserved Region,0.886
Andhra Pradesh,Annamayya,617,1.685792349726776,1.2571615345239118,484,44,89,46,3,Underserved Region,0.877
Orissa,Baleshwar,240,1.2765957446808511,0.5550787450838194,198,42,0,44,3,Underserved Region,0.875
Orissa,Ganjam,249,1.296875,0.6943229969428993,205,44,0,44,3,Underserved Region,0.874
West Bengal,Jhargram,669,2.1305732484076434,3.678643353565624,473,146,50,46,3,Underserved Region,0.872
Karnataka,Chickmagalur,667,1.723514211886305,1.4173389836191688,589,78,0,46,3,Underserved Region,0.872
Tamil Nadu,The Nilgiris,1059,1.9757462686567164,1.618055081194841,742,312,5,48,3,Underserved Region,0.869
Tamil Nadu,Tenkasi,705,1.5950226244343892,0.967158038114138,611,94,0,46,3,Underserved Region,0.868
Andhra Pradesh,Nizamabad,324,1.6119402985074627,1.0856595766712098,261,63,0,44,3,Underserved Region,0.867
Tamil Nadu,Thiruvallur,507,3.8702290076335877,30.126501736348835,374,123,10,44,3,Underserved Region,0.849
Tamil Nadu,Mayiladuthurai,310,1.3025210084033614,0.7297721955258996,250,59,1,42,3,Underserved Region,0.829
Uttarakhand,Pauri Garhwal,1153,2.2652259332023577,2.3599323104439502,1001,139,13,46,3,Underserved Region,0.823
Karnataka,Chikkamagaluru,673,1.8851540616246498,1.5671229960106228,560,79,34,43,3,Underserved Region,0.814
Andhra Pradesh,Palnadu,467,1.58843537414966,0.9332695660097152,375,67,25,42,3,Underserved Region,0.814
Andhra Pradesh,Adilabad,946,1.8882235528942115,1.4168560399434205,719,226,1,44,3,Underserved Region,0.807
Tamil Nadu,Kallakurichi,724,2.3205128205128207,10.330230465604533,555,132,37,40,3,Underserved Region,0.753
Maharashtra,Chhatrapati Sambhajinagar,765,2.283582089552239,2.9800030650893174,265,281,219,40,3,Underserved Region,0.749
Andhra Pradesh,N. T. R,546,1.5734870317002883,1.0098876499803244,426,80,40,39,3,Underserved Region,0.749
Andhra Pradesh,Anakapalli,272,1.3737373737373737,0.7207702955881331,254,10,8,37,3,Underserved Region,0.733
Odisha,Jajapur,1580,2.273381294964029,1.6572509240600934,1230,348,2,43,3,Underserved Region,0.729
Goa,South Goa,614,1.7247191011235956,1.20681453808125,471,89,54,38,3,Underserved Region,0.725
Karnataka,Ballari,1838,2.8103975535168195,2.5380682917029165,1562,216,60,44,3,Underserved Region,0.721
Rajasthan,Jhunjhunu,195,1.3732394366197183,0.7495545242453692,122,73,0,36,3,Underserved Region,0.719
Karnataka,Davanagere,275,1.4322916666666667,0.8776449677143232,239,36,0,36,3,Underserved Region,0.713
Andhra Pradesh,Kakinada,537,1.5386819484240688,0.9045348612514509,444,67,26,37,3,Underserved Region,0.712
Odisha,Jajpur,1611,2.2406119610570236,1.7746960706239068,1215,349,47,41,3,Underserved Region,0.692
Himachal Pradesh,Una,640,1.725067385444744,1.260584241763344,619,21,0,36,3,Underserved Region,0.684
Karnataka,Mandya,2107,2.6403508771929824,2.258618153219058,1935,129,43,43,3,Underserved Region,0.68
Andhra Pradesh,Alluri Sitharama Raju,698,1.9606741573033708,1.3670668077704684,571,94,33,36,3,Underserved Region,0.68
Orissa,Bhadrak,232,1.3892215568862276,0.8701910841338212,198,34,0,34,3,Underserved Region,0.677
Uttar Pradesh,Prayagraj,2316,3.8859060402684564,31.012012896353433,1094,1046,176,44,3,Underserved Region,0.675
Gujarat,Navsari,2018,4.068548387096774,15.702516645419427,1740,179,99,41,3,Underserved Region,0.656
Karnataka,Bellary,2876,3.321016166281755,2.898426422943685,2393,482,1,46,3,Underserved Region,0.65
Karnataka,Vijayanagara,1367,2.638996138996139,2.0428164831275177,1122,190,55,37,3,Underserved Region,0.645
Rajasthan,Chittaurgarh,256,1.6305732484076434,1.0333330699161474,201,54,1,32,3,Underserved Region,0.635
Karnataka,Bijapur,2839,2.899897854954035,2.295677005567443,2136,698,5,44,3,Underserved Region,0.625
Odisha,Kendrapara,2715,3.085227272727273,2.6396400525434194,2107,564,44,43,3,Underserved Region,0.623
West Bengal,Maldah,1216,2.751131221719457,2.1990641353032845,809,407,0,35,3,Underserved Region,0.621
Uttarakhand,Almora,818,1.9951219512195122,1.5495012557499772,709,103,6,33,3,Underserved Region,0.615
Orissa,Puri,133,1.2201834862385321,0.5332951056636192,109,24,0,30,3,Underserved Region,0.604
Jammu And Kashmir,Jammu,2946,3.1474358974358974,3.593763737834348,2280,631,35,43,3,Underserved Region,0.601
Uttar Pradesh,Ayodhya,1325,3.5427807486631018,31.377696331937035,747,546,32,34,3,Underserved Region,0.595
West Bengal,Koch Bihar,2372,2.9724310776942358,2.446258886372911,1522,840,10,39,3,Underserved Region,0.594
Telangana,Sangareddy,1884,2.9300155520995332,2.945467688890818,1510,363,11,36,3,Underserved Region,0.587
Karnataka,Chikmagalur,90,1.267605633802817,0.6752300450084345,81,9,0,29,3,Underserved Region,0.586
Tripura,West Tripura,2024,3.280388978930308,6.948382590766757,1359,596,69,36,3,Underserved Region,0.576
Telangana,Siddipet,1119,2.1898238747553815,1.8152875233550436,981,137,1,32,3,Underserved Region,0.575
Punjab,Shaheed Bhagat Singh Nagar,613,1.9096573208722742,1.4387278042437526,494,85,34,30,3,Underserved Region,0.572
Telangana,Hanumakonda,613,1.7819767441860466,1.2966072073632995,522,86,5,30,3,Underserved Region,0.572
Karnataka,Davangere,3258,3.673055242390079,5.052454650098455,2931,284,43,43,3,Underserved Region,0.572
Odisha,Bhadrak,3124,3.3447537473233404,2.8414685478509982,2268,842,14,42,3,Underserved Region,0.571
Himachal Pradesh,Solan,657,2.0340557275541795,1.7000414563787951,594,58,5,30,3,Underserved Region,0.569
Maharashtra,Mumbai City,1984,2.854676258992806,2.7300025604484603,1471,358,155,35,3,Underserved Region,0.563
Gujarat,Bharuch,3229,4.4051841746248295,13.336474713621719,2681,452,96,42,3,Underserved Region,0.561
West Bengal,Purulia,530,2.0,1.5275252316519468,356,173,1,29,3,Underserved Region,0.558
Odisha,Puri,2263,3.0013262599469495,2.4573381645391166,1847,412,4,36,3,Underserved Region,0.557
Odisha,Kendujhar,3873,3.563017479300828,3.0690988387496807,3032,827,14,46,3,Underserved Region,0.55
Odisha,Jagatsinghpur,404,1.9901477832512315,2.193577817497781,344,60,0,28,3,Underserved Region,0.547
Bihar,Purba Champaran,95,1.2666666666666666,0.6003002251876642,49,46,0,27,3,Underserved Region,0.545
Karnataka,Kalaburagi,3433,3.887882219705549,20.557201328544277,2854,497,82,42,3,Underserved Region,0.542
Tamil Nadu,Karur,2697,3.2376950780312126,3.944466726678319,2170,524,3,37,3,Underserved Region,0.537
Gujarat,Sabarkantha,3899,4.0154479917610715,11.446278298500587,2538,1035,326,45,3,Underserved Region,0.535
Orissa,Jajapur,68,1.1929824561403508,0.44072166837180937,56,12,0,26,3,Underserved Region,0.527
Bihar,Samstipur,66,1.11864406779661,0.3261449731971787,31,35,0,26,3,Underserved Region,0.527
Tamil Nadu,Ariyalur,1571,2.676320272572402,2.4110457036947786,1191,310,70,31,3,Underserved Region,0.526
Punjab,Rupnagar,815,2.1733333333333333,1.6864776232190393,725,78,12,28,3,Underserved Region,0.522
Tamil Nadu,Tirupattur,580,1.8125,1.0982316935258134,506,72,2,27,3,Underserved Region,0.517
Orissa,Balangir,262,1.5321637426900585,0.8696622042501353,185,77,0,26,3,Underserved Region,0.516
Andhra Pradesh,Parvathipuram Manyam,270,1.4438502673796791,0.6962280393922309,234,28,8,26,3,Underserved Region,0.515
Karnataka,Chitradurga,2845,3.495085995085995,3.978336221925791,2527,274,44,36,3,Underserved Region,0.511
Gujarat,Amreli,3345,4.652294853963839,17.0054502861239,2591,517,237,39,3,Underserved Region,0.511
Himachal Pradesh,Kullu,724,2.4053156146179404,6.597108329921681,537,97,90,27,3,Underserved Region,0.508
Karnataka,Dharwad,3395,3.747240618101545,3.8236134744123214,3085,293,17,39,3,Underserved Region,0.507
Orissa,Sundargarh,82,1.2615384615384615,0.5667043728028275,67,15,0,25,3,Underserved Region,0.506
Tamil Nadu,Theni,2325,3.2291666666666665,2.712251988366966,1867,457,1,33,3,Underserved Region,0.506
Himachal Pradesh,Bilaspur,468,1.7269372693726937,1.1607681969977492,456,12,0,26,3,Underserved Region,0.504
Punjab,Nawanshahr,115,1.3372093023255813,0.8060136492243651,95,20,0,25,3,Underserved Region,0.504
Puducherry,Puducherry,792,2.073298429319372,1.631342976034422,697,65,30,27,3,Underserved Region,0.504
Uttar Pradesh,Bulandshahar,127,1.4431818181818181,0.9572224491396375,69,58,0,25,3,Underserved Region,0.503
Kerala,Kasargod,175,1.3059701492537314,0.5515202767293209,133,42,0,25,3,Underserved Region,0.501
Karnataka,Vijayapura,4017,3.675205855443733,13.762895986414321,3229,699,89,43,3,Underserved Region,0.5
Uttarakhand,Chamoli,613,1.946031746031746,1.4388629397891006,544,62,7,26,3,Underserved Region,0.496
Maharashtra,Buldana,618,2.053156146179402,1.5331335032770081,526,92,0,26,3,Underserved Region,0.496
Assam,Sibsagar,2285,4.402697495183045,15.032707983320549,1212,421,652,32,3,Underserved Region,0.493
Odisha,Jagatsinghapur,2077,3.355411954765751,3.9531662313073506,1813,241,23,31,3,Underserved Region,0.492
Tamil Nadu,Krishnagiri,3421,3.545077720207254,3.0178048958111114,2721,693,7,38,3,Underserved Region,0.492
Karnataka,Kodagu,749,2.3553459119496853,3.2131658926157294,641,67,41,26,3,Underserved Region,0.488
Uttarakhand,Pithoragarh,762,2.164772727272727,1.65933702978008,642,111,9,26,3,Underserved Region,0.487
Assam,Sribhumi,110,1.2359550561797752,0.6034460115587723,67,32,11,24,3,Underserved Region,0.484
West Bengal,Darjiling,482,2.374384236453202,1.7597631451076001,342,138,2,25,3,Underserved Region,0.484
Odisha,Angul,2037,3.389351081530782,2.922011820339371,1687,337,13,30,3,Underserved Region,0.479
Punjab,Tarn Taran,2101,3.71858407079646,16.36118562802557,1850,232,19,30,3,Underserved Region,0.475
Pondicherry,Pondicherry,649,1.996923076923077,1.578205070345605,594,55,0,25,3,Underserved Region,0.475
Odisha,Sambalpur,1632,2.9511754068716094,2.519374827554034,1384,247,1,28,3,Underserved Region,0.472
Maharashtra,Bid,362,1.9153439153439153,1.2561455368771977,268,94,0,24,3,Underserved Region,0.471
Andhra Pradesh,K.V.Rangareddy,52,1.1063829787234043,0.31166052833390545,40,12,0,23,3,Underserved Region,0.467
Telangana,Warangal Urban,449,2.245,2.3263781240115273,376,68,5,24,3,Underserved Region,0.466
Andhra Pradesh,Karim Nagar,64,1.2307692307692308,0.509339619175793,53,11,0,23,3,Underserved Region,0.466
Kerala,Kasaragod,2515,3.228498074454429,2.5420189491270957,1839,618,58,31,3,Underserved Region,0.462
Himachal Pradesh,Chamba,905,2.4525745257452574,1.9859698472636995,842,56,7,25,3,Underserved Region,0.461
Jharkhand,Purbi Singhbhum,609,1.9519230769230769,1.4008252576334932,479,130,0,24,3,Underserved Region,0.458
Tamil Nadu,Dharmapuri,4110,4.276795005202914,3.6985882059656707,3369,699,42,40,3,Underserved Region,0.457
Manipur,Senapati,1136,3.045576407506702,3.2371438032442676,565,556,15,25,3,Underserved Region,0.448
Odisha,Koraput,3325,4.251918158567775,3.776972502408037,2371,908,46,34,3,Underserved Region,0.447
Tamil Nadu,Perambalur,1276,2.482490272373541,1.9104424298269156,1094,182,0,25,3,Underserved Region,0.441
Maharashtra,Chandrapur,3236,4.779911373707534,19.781207341753948,2813,341,82,33,3,Underserved Region,0.44
Uttar Pradesh,Barabanki,2184,10.705882352941176,82.66814043547846,1282,850,52,28,3,Underserved Region,0.438
Karnataka,Kolar,2898,4.128205128205129,4.3813346702588785,2603,265,30,31,3,Underserved Region,0.436
Assam,Nalbari,3138,4.628318584070796,9.215645315803183,2140,805,193,32,3,Underserved Region,0.434
Jammu And Kashmir,Srinagar,2080,3.3766233766233764,2.6296073392689636,1724,229,127,27,3,Underserved Region,0.428
Orissa,Mayurbhanj,28,1.0,0.0,27,1,0,21,3,Underserved Region,0.427
Odisha,Nayagarh,1530,2.7617328519855597,2.292589183738023,1302,217,11,25,3,Underserved Region,0.427
Jammu & Kashmir,Jammu,44,1.0476190476190477,0.2155402687045212,35,9,0,21,3,Underserved Region,0.427
Gujarat,Sabar Kantha,2373,29.296296296296298,102.5313908571961,1026,1190,157,28,3,Underserved Region,0.426
Odisha,Kandhamal,2123,3.7311072056239016,3.1162509646615963,1771,344,8,27,3,Underserved Region,0.426
Gujarat,Gandhinagar,4726,6.403794037940379,26.908752526255473,3332,727,667,42,3,Underserved Region,0.424
Punjab,Sas Nagar (Mohali),2161,3.797891036906854,12.028557383474649,1690,415,56,27,3,Underserved Region,0.424
Punjab,Gurdaspur,3978,5.213630406290957,27.054775250165665,3359,493,126,36,3,Underserved Region,0.422
Gujarat,Tapi,1608,3.705069124423963,5.9361982779562545,1283,179,146,25,3,Underserved Region,0.422
Punjab,S.A.S Nagar(Mohali),151,1.2796610169491525,0.5529345677791458,123,28,0,21,3,Underserved Region,0.422
Punjab,Moga,997,2.5762273901808785,2.2130683995091216,829,135,33,23,3,Underserved Region,0.419
Punjab,Firozpur,244,1.525,0.9380161053182822,204,40,0,21,3,Underserved Region,0.417
Karnataka,Bangalore Rural,2012,4.393013100436681,8.976416663080943,1662,232,118,26,3,Underserved Region,0.416
Karnataka,Haveri,2812,3.8573388203017833,3.4900099257768793,2527,228,57,29,3,Underserved Region,0.414
Telangana,Medchal-Malkajgiri,3079,4.110814419225634,5.402242850129052,2241,735,103,30,3,Underserved Region,0.411
Telangana,Warangal Rural,416,1.7261410788381744,1.1066565847996828,357,57,2,21,3,Underserved Region,0.409
Assam,Jorhat,4149,5.754507628294036,17.2398741556621,2349,974,826,36,3,Underserved Region,0.408
Telangana,Nagarkurnool,866,2.4055555555555554,1.6763045382575859,654,210,2,22,3,Underserved Region,0.407
Haryana,Bhiwani,2208,3.72972972972973,4.075172809755244,2062,132,14,26,3,Underserved Region,0.405
Uttarakhand,Tehri Garhwal,1926,3.689655172413793,3.733369814092033,1641,273,12,25,3,Underserved Region,0.405
Tamil Nadu,Ranipet,74,1.1384615384615384,0.39038935199854796,60,13,1,20,3,Underserved Region,0.405
Maharashtra,Dharashiv,104,1.223529411764706,0.5204501391477723,56,23,25,20,3,Underserved Region,0.404
Bihar,Aurangabad(Bh),84,1.3333333333333333,0.5956833971812706,39,45,0,20,3,Underserved Region,0.404
Karnataka,Bagalkot *,138,1.550561797752809,0.9294577592614293,111,27,0,20,3,Underserved Region,0.402
Telangana,Mancherial,643,2.0031152647975077,1.2930062895429038,520,122,1,21,3,Underserved Region,0.399
Karnataka,Chamrajnagar,207,1.544776119402985,0.9226936020885826,185,22,0,20,3,Underserved Region,0.399
Chhattisgarh,Durg,3082,5.369337979094077,26.257142312580257,2586,450,46,29,3,Underserved Region,0.397
Chandigarh,Chandigarh,1770,3.950892857142857,6.310908074300836,1566,171,33,24,3,Underserved Region,0.397
Rajasthan,Rajsamand,3490,4.428934010152284,3.8522622117552636,2361,1101,28,31,3,Underserved Region,0.396
Maharashtra,Amravati,5041,4.85645472061657,24.258444766339704,4063,874,104,42,3,Underserved Region,0.395
West Bengal,South Dinajpur,296,2.0,1.5993195832139682,242,54,0,20,3,Underserved Region,0.395
Telangana,Vikarabad,1847,3.5794573643410854,2.9182193826319787,1445,400,2,24,3,Underserved Region,0.393
Maharashtra,Osmanabad,2935,4.440242057488653,15.37387047150628,2343,582,10,28,3,Underserved Region,0.392
Jharkhand,Bokaro,4652,4.96478121664888,5.620840131351444,2749,1887,16,38,3,Underserved Region,0.389
Telangana,Jagitial,882,2.290909090909091,1.4643490641982126,796,77,9,21,3,Underserved Region,0.388
Telangana,Kamareddy,1289,2.7780172413793105,2.399665102561962,1164,123,2,22,3,Underserved Region,0.387
Orissa,Kendujhar,33,1.03125,0.1767766952966369,26,7,0,19,3,Underserved Region,0.386
Madhya Pradesh,West Nimar,526,2.4928909952606637,2.367175669435234,411,109,6,20,3,Underserved Region,0.385
Orissa,Koraput,83,1.3387096774193548,0.6514435014968812,63,20,0,19,3,Underserved Region,0.384
Assam,Kamrup Metro,5113,4.51279788172992,11.023307480107091,2121,1738,1254,41,3,Underserved Region,0.379
Chhattisgarh,Gariyaband,1084,3.4522292993630574,2.679816549614187,894,184,6,21,3,Underserved Region,0.379
Maharashtra,Bhandara,1102,2.854922279792746,2.3564642497134654,1051,45,6,21,3,Underserved Region,0.378
Telangana,Bhadradri Kothagudem,2453,4.717307692307692,19.8219164155951,1872,542,39,25,3,Underserved Region,0.376
Jharkhand,Ramgarh,2251,4.247169811320755,4.781150124368855,1439,801,11,24,3,Underserved Region,0.372
Jharkhand,Hazaribag,414,2.6202531645569622,2.086070254683192,248,166,0,19,3,Underserved Region,0.371
Odisha,Balangir,3725,4.445107398568019,3.831731773949733,2908,761,56,30,3,Underserved Region,0.368
Orissa,Kendrapara,34,1.0625,0.24593468841898236,31,3,0,18,3,Underserved Region,0.366
Orissa,Anugul,33,1.0,0.0,27,6,0,18,3,Underserved Region,0.366
Kerala,Wayanad,1010,2.759562841530055,2.5030619769441764,817,175,18,20,3,Underserved Region,0.364
Karnataka,Chamarajanagar,140,1.5384615384615385,1.0034129792052757,125,15,0,18,3,Underserved Region,0.362
Telangana,Jangoan,642,2.26056338028169,1.6883704375772064,538,104,0,19,3,Underserved Region,0.361
Odisha,Jharsuguda,639,2.1808873720136517,1.3915264227519004,568,71,0,19,3,Underserved Region,0.361
Maharashtra,Akola,3653,5.444113263785395,24.924233075444725,2981,623,49,29,3,Underserved Region,0.36
Tripura,North Tripura,1127,3.2761627906976742,11.739242272804603,773,328,26,20,3,Underserved Region,0.359
Odisha,Dhenkanal,1884,3.4007220216606497,2.816587302872759,1478,398,8,22,3,Underserved Region,0.358
Karnataka,Chamrajanagar,1546,3.529680365296804,3.922916930440616,1335,189,22,21,3,Underserved Region,0.358
Assam,Udalguri,3889,6.591525423728814,20.325473810339634,2156,1154,579,30,3,Underserved Region,0.357
Telangana,Peddapalli,347,1.6602870813397128,0.9924725891756399,285,59,3,18,3,Underserved Region,0.354
Punjab,Bathinda,2015,4.342672413793103,4.938611282100997,1742,255,18,22,3,Underserved Region,0.352
Tripura,South Tripura,1684,4.028708133971292,3.379177138777047,1007,671,6,21,3,Underserved Region,0.351
Haryana,Jhajjar,1748,4.242718446601942,4.779245518477536,1648,90,10,21,3,Underserved Region,0.348
Karnataka,Chikkaballapur,2119,3.7771836007130126,3.18958907734241,1868,237,14,22,3,Underserved Region,0.347
Gujarat,Arvalli,1843,5.063186813186813,23.487969296258335,1459,276,108,21,3,Underserved Region,0.344
Odisha,Anugul,106,1.2470588235294118,0.5324221908934132,83,23,0,17,3,Underserved Region,0.343
Rajasthan,Ganganagar,4463,5.238262910798122,5.833030529457966,3363,1058,42,32,3,Underserved Region,0.341
Punjab,Fatehgarh Sahib,696,2.7509881422924902,2.608983452347052,577,107,12,18,3,Underserved Region,0.34
Odisha,Kalahandi,3398,4.200247218788628,3.292949254132591,2493,845,60,26,3,Underserved Region,0.338
Mizoram,Aizawl,744,2.539249146757679,1.9539200454158023,515,182,47,18,3,Underserved Region,0.338
Punjab,Sangrur,1606,3.9851116625310175,8.563475411265058,1411,166,29,20,3,Underserved Region,0.338
Uttar Pradesh,Faizabad,5284,4.316993464052287,4.26848407335713,3007,2274,3,38,3,Underserved Region,0.337
Telangana,Medchal−Malkajgiri,316,1.8372093023255813,1.3710495839991732,246,68,2,17,3,Underserved Region,0.335
Haryana,Panchkula,857,2.8758389261744965,2.4123741329099118,774,78,5,18,3,Underserved Region,0.334
Punjab,Ferozepur,891,2.716463414634146,2.323020743515694,801,85,5,18,3,Underserved Region,0.332
Telangana,Suryapet,1372,3.243498817966903,2.5564339525809294,1139,231,2,19,3,Underserved Region,0.331
Karnataka,Bagalkot,5361,4.795169946332737,5.183481607336819,4526,756,79,38,3,Underserved Region,0.331
West Bengal,Kalimpong,455,4.46078431372549,20.211099572101823,143,164,148,17,3,Underserved Region,0.33
Telangana,Mahabubabad,955,2.638121546961326,1.7642132918675202,758,196,1,18,3,Underserved Region,0.33
West Bengal,Alipurduar,3373,8.876315789473685,36.41947009079359,1316,1621,436,25,3,Underserved Region,0.326
West Bengal,Medinipur,22,1.1,0.44721359549995787,19,3,0,16,3,Underserved Region,0.326
Orissa,Nayagarh,56,1.12,0.3854496446637727,46,10,0,16,3,Underserved Region,0.325
Chhattisgarh,Raipur,5527,6.245197740112994,12.528871277448452,4776,697,54,39,3,Underserved Region,0.325
Assam,Baksa,3151,6.971238938053097,24.68904737130268,1717,1052,382,24,3,Underserved Region,0.325
Orissa,Dhenkanal,74,1.1746031746031746,0.3826765896260495,59,15,0,16,3,Underserved Region,0.324
Uttarakhand,Hardwar,94,1.323943661971831,0.5800159575963392,71,23,0,16,3,Underserved Region,0.323
Karnataka,Koppal,4071,5.1466498103666245,5.319059189439077,3484,539,48,28,3,Underserved Region,0.322
Karnataka,Gadag,3231,5.088188976377952,5.768272491414526,2920,291,20,24,3,Underserved Region,0.32
Bihar,Purnea,194,2.0638297872340425,1.374174322089551,121,73,0,16,3,Underserved Region,0.32
Karnataka,Ramanagar,2074,4.578366445916115,5.580161603420419,1715,348,11,20,3,Underserved Region,0.318
Jammu And Kashmir,Udhampur,2086,4.73015873015873,5.289975272516723,1796,279,11,20,3,Underserved Region,0.317
Odisha,Bargarh,3773,4.782002534854246,4.510352507411178,3124,647,2,26,3,Underserved Region,0.316
Rajasthan,Chittorgarh,5098,5.683389074693422,30.582990182474852,3070,1905,123,34,3,Underserved Region,0.315
Punjab,Kapurthala,3348,8.628865979381443,37.466627931130866,1752,411,1185,24,3,Underserved Region,0.314
Himachal Pradesh,Sirmaur,934,3.1877133105802047,2.7151753695462686,875,53,6,17,3,Underserved Region,0.312
Haryana,Ambala,2264,5.416267942583732,14.481243088425392,2120,111,33,20,3,Underserved Region,0.309
Karnataka,Bidar,3722,4.617866004962779,6.9084791478342265,2911,751,60,25,3,Underserved Region,0.307
Uttarakhand,Garhwal,33,1.2222222222222223,0.6405126152203485,31,2,0,15,3,Underserved Region,0.305
Gujarat,Devbhumi Dwarka,2048,6.224924012158055,25.446342136330877,1451,378,219,19,3,Underserved Region,0.303
Maharashtra,Wardha,1248,3.565714285714286,3.3837588547207895,1168,75,5,17,3,Underserved Region,0.301
Uttar Pradesh,Amethi,5823,4.844425956738768,4.183738756973594,3133,2639,51,39,3,Underserved Region,0.3
Madhya Pradesh,Anuppur,2504,5.961904761904762,6.689747521410352,2183,308,13,20,3,Underserved Region,0.299
West Bengal,North Dinajpur,218,1.676923076923077,1.0726724188064025,163,55,0,15,3,Underserved Region,0.299
Madhya Pradesh,Narsimhapur,829,3.0145454545454546,2.8476791793832334,647,182,0,16,3,Underserved Region,0.298
Gujarat,Surendra Nagar,5664,5.930890052356021,16.176290293377342,3854,1485,325,37,3,Underserved Region,0.297
Punjab,Sri Muktsar Sahib,949,3.081168831168831,2.5758656741769728,817,124,8,16,3,Underserved Region,0.293
Uttarakhand,Bageshwar,462,2.1,1.4893840472432383,404,56,2,15,3,Underserved Region,0.291
Assam,Biswanath,1020,3.3333333333333335,10.546695543403436,581,363,76,16,3,Underserved Region,0.291
Madhya Pradesh,Narmadapuram,484,2.3047619047619046,1.6808736024583562,378,79,27,15,3,Underserved Region,0.29
Odisha,Rayagada,2412,4.872727272727273,5.038913717638888,1841,568,3,19,3,Underserved Region,0.288
Chhattisgarh,Uttar Bastar Kanker,565,2.4780701754385963,2.1780749198058356,427,130,8,15,3,Underserved Region,0.288
Jammu And Kashmir,Kathua,2059,4.3808510638297875,4.318065304451327,1799,252,8,18,3,Underserved Region,0.286
Rajasthan,Dausa,4823,4.946666666666666,3.93468578472332,3317,1458,48,29,3,Underserved Region,0.286
Orissa,Kandhamal,20,1.0,0.0,18,2,0,14,3,Underserved Region,0.285
Haryana,Rewari,1696,4.559139784946237,5.241781894084438,1554,136,6,17,3,Underserved Region,0.284
Maharashtra,Raigarh(Mh),58,1.4871794871794872,0.9423317907078573,44,14,0,14,3,Underserved Region,0.284
Himachal Pradesh,Kinnaur,89,1.141025641025641,0.38559648427423276,67,17,5,14,3,Underserved Region,0.283
Maharashtra,Jalna,4418,6.266666666666667,6.447324439195098,3575,825,18,26,3,Underserved Region,0.28
Karnataka,Bengaluru South,176,2.707692307692308,3.185529179562817,12,159,5,14,3,Underserved Region,0.28
Uttarakhand,Nainital,3283,7.360986547085202,29.721889983530293,2795,412,76,21,3,Underserved Region,0.278
Gujarat,Surendranagar,1387,22.737704918032787,104.83302622732086,722,587,78,16,3,Underserved Region,0.278
Telangana,Narayanpet,876,2.979591836734694,2.0900198008602073,704,168,4,15,3,Underserved Region,0.277
Odisha,Gajapati,1422,3.683937823834197,3.2955855615545278,1140,265,17,16,3,Underserved Region,0.277
Uttar Pradesh,Bhadohi,346,1.7835051546391754,1.0842901178000215,171,171,4,14,3,Underserved Region,0.275
Haryana,Sonipat,3363,5.709677419354839,18.459154893590366,3080,246,37,21,3,Underserved Region,0.274
Telangana,Yadadri.,982,2.774011299435028,1.918982928174585,815,166,1,15,3,Underserved Region,0.274
Gujarat,Mahisagar,2018,5.605555555555555,23.67726298414375,1529,363,126,17,3,Underserved Region,0.272
Jharkhand,Pashchimi Singhbhum,481,4.008333333333334,3.6194986266226494,269,211,1,14,3,Underserved Region,0.271
Telangana,Rajanna Sircilla,491,2.360576923076923,1.6622502802088062,440,48,3,14,3,Underserved Region,0.271
Madhya Pradesh,East Nimar,3211,6.247081712062257,20.675795975615525,1916,1274,21,20,3,Underserved Region,0.268
Maharashtra,Buldhana,5544,6.250281848928974,29.32872838380852,4463,941,140,32,3,Underserved Region,0.266
Orissa,Sambalpur,19,1.0,0.0,15,4,0,13,3,Underserved Region,0.265
Chhattisgarh,Koriya,1265,4.188741721854305,3.5090020549214374,861,403,1,15,3,Underserved Region,0.265
Orissa,Jagatsinghapur,29,1.2083333333333333,0.6580053301400783,25,4,0,13,3,Underserved Region,0.264
Karnataka,Gadag *,96,1.6,0.9777178546952238,86,10,0,13,3,Underserved Region,0.263
Gujarat,Botad,2683,10.39922480620155,51.442910817008574,2071,451,161,18,3,Underserved Region,0.262
Chhattisgarh,Korba,2673,5.024436090225564,4.51544375022484,2240,420,13,18,3,Underserved Region,0.262
Gujarat,Panch Mahals,1377,28.6875,99.5423904675792,834,443,100,15,3,Underserved Region,0.261
Chhattisgarh,Janjgir-Champa,3368,5.246105919003115,4.365714396473019,2890,477,1,20,3,Underserved Region,0.261
Gujarat,Narmada,808,3.2063492063492065,2.6278237260021102,708,76,24,14,3,Underserved Region,0.261
Gujarat,Panchmahals,5235,6.83420365535248,18.580541647839475,3910,1002,323,29,3,Underserved Region,0.26
Punjab,Muktsar,220,1.9130434782608696,1.2180313235342524,194,26,0,13,3,Underserved Region,0.259
Jharkhand,Hazaribagh,5145,6.391304347826087,10.212648187324055,3353,1761,31,28,3,Underserved Region,0.257
Manipur,Imphal West,940,3.164983164983165,6.510624327837471,473,435,32,14,3,Underserved Region,0.257
Punjab,Patiala,4273,8.07750472589792,51.57753471911206,3497,703,73,23,3,Underserved Region,0.255
Haryana,Rohtak,2514,6.758064516129032,28.17983382702489,2277,176,61,17,3,Underserved Region,0.254
Maharashtra,Gadchiroli,1582,3.7937649880095923,3.0525303930355587,1329,232,21,15,3,Underserved Region,0.254
Bihar,Arwal,3265,8.002450980392156,27.19205502321951,675,2557,33,19,3,Underserved Region,0.252
Haryana,Charkhi Dadri,488,2.4522613065326633,1.9965835496587623,470,18,0,13,3,Underserved Region,0.251
Chhattisgarh,Kanker,1161,3.4760479041916166,2.948664065211576,930,229,2,14,3,Underserved Region,0.25
Uttarakhand,Rudraprayag,583,2.534782608695652,2.033799270376825,521,62,0,13,3,Underserved Region,0.249
Bihar,Jehanabad,3923,5.777614138438881,13.907268729078645,767,3017,139,21,3,Underserved Region,0.249
Haryana,Hisar,3962,7.561068702290076,19.154950625457698,3682,262,18,21,3,Underserved Region,0.247
Haryana,Gurgaon,5699,7.186633039092055,32.497948231858786,4392,1124,183,31,3,Underserved Region,0.247
Gujarat,Valsad,6202,8.347240915208614,41.282969538461984,4690,1291,221,36,3,Underserved Region,0.247
Uttar Pradesh,Auraiya,3109,5.105090311986864,4.365925592923997,1765,1327,17,18,3,Underserved Region,0.245
Chhattisgarh,Janjgir Champa,21,1.0,0.0,18,3,0,12,3,Underserved Region,0.244
Chhattisgarh,Baloda Bazar,3756,6.0875202593192865,22.204307888525538,3244,479,33,20,3,Underserved Region,0.244
Orissa,Bargarh,60,1.3953488372093024,0.7603111795186209,56,4,0,12,3,Underserved Region,0.243
Uttar Pradesh,Sant Ravidas Nagar Bhadohi,62,1.3777777777777778,0.6838689696694592,30,32,0,12,3,Underserved Region,0.243
Punjab,Pathankot,797,3.511013215859031,3.6728629732374376,720,62,15,13,3,Underserved Region,0.243
Uttar Pradesh,Hamirpur,2792,5.297912713472486,4.600840496858993,1619,1148,25,17,3,Underserved Region,0.243
Chhattisgarh,Dhamtari,1417,5.04270462633452,4.958213800094021,1338,76,3,14,3,Underserved Region,0.242
Telangana,Nirmal,856,3.101449275362319,2.4099486379210773,767,86,3,13,3,Underserved Region,0.241
Odisha,Boudh,938,3.1904761904761907,2.5514055106227125,760,176,2,13,3,Underserved Region,0.239
Uttar Pradesh,Farrukhabad,4960,5.694603903559128,8.084948740470198,2391,2492,77,25,3,Underserved Region,0.239
Madhya Pradesh,Shahdol,4585,8.397435897435898,8.667005494344778,3774,752,59,23,3,Underserved Region,0.239
Gujarat,Porbandar,2084,7.08843537414966,33.03910707295828,1598,310,176,15,3,Underserved Region,0.238
Maharashtra,Yavatmal,6045,6.206365503080082,26.796740159574163,4672,1175,198,33,3,Underserved Region,0.238
Jammu And Kashmir,Samba,362,2.445945945945946,1.830518991808392,313,40,9,12,3,Underserved Region,0.235
Telangana,Wanaparthy,1185,3.4347826086956523,2.313247119220163,879,306,0,13,3,Underserved Region,0.232
Jammu And Kashmir,Anantnag,2337,5.193333333333333,4.0903438902263245,2020,283,34,15,3,Underserved Region,0.23
Assam,Kokrajhar,4080,8.482328482328482,37.96067317501373,2120,1450,510,20,3,Underserved Region,0.23
Jharkhand,Dumka,4953,6.2935196950444725,10.937550985730375,2322,2545,86,24,3,Underserved Region,0.23
Punjab,Barnala,661,3.074418604651163,3.2025174839751105,587,66,8,12,3,Underserved Region,0.228
Telangana,Mulugu,644,2.752136752136752,2.0145649181758256,460,181,3,12,3,Underserved Region,0.228
Chhattisgarh,Jashpur,1902,4.423255813953489,3.88799102666801,1188,713,1,14,3,Underserved Region,0.228
Rajasthan,Dungarpur,5351,5.383299798792756,6.894614765599462,3058,2241,52,26,3,Underserved Region,0.227
West Bengal,Dakshin Dinajpur,5498,7.470108695652174,10.94185886229205,4467,932,99,27,3,Underserved Region,0.227
Rajasthan,Jaisalmer,2446,6.130325814536341,9.022476548010939,1406,989,51,15,3,Underserved Region,0.226
Maharashtra,Gondiya,2014,5.871720116618076,5.29601960350738,1915,93,6,14,3,Underserved Region,0.224
Andhra Pradesh,K.V. Rangareddy,15,1.0714285714285714,0.2672612419124244,12,3,0,11,3,Underserved Region,0.224
Maharashtra,Ahilyanagar,12,1.0909090909090908,0.30151134457776363,11,1,0,11,3,Underserved Region,0.224
Maharashtra,Nandurbar *,81,1.2857142857142858,0.48952153824477435,62,18,1,11,3,Underserved Region,0.223
Jammu And Kashmir,Baramula,2963,6.084188911704312,10.182445583197282,2451,448,64,16,3,Underserved Region,0.223
Uttar Pradesh,Sonbhadra,4256,6.37125748502994,6.341828034893156,2511,1732,13,20,3,Underserved Region,0.222
Rajasthan,Dhaulpur,90,1.9148936170212767,1.4719077717155489,58,32,0,11,3,Underserved Region,0.222
Gujarat,Chhotaudepur,3747,11.218562874251496,44.356562528783805,1924,1244,579,18,3,Underserved Region,0.22
Chhattisgarh,Manendragarh–Chirmiri–Bharatpur,181,2.3506493506493507,2.0246262407913442,109,72,0,11,3,Underserved Region,0.22
Sikkim,East Sikkim,227,1.6214285714285714,0.893363679542661,113,96,18,11,3,Underserved Region,0.219
Andhra Pradesh,Spsr Nellore,2183,136.4375,83.94281287479788,1167,713,303,14,3,Underserved Region,0.219
Haryana,Yamuna Nagar,2260,5.794871794871795,7.080802414768514,2152,100,8,14,3,Underserved Region,0.217
Rajasthan,Hanumangarh,4116,6.803305785123967,30.815666260312096,2941,1134,41,19,3,Underserved Region,0.217
Tripura,Dhalai,1159,4.261029411764706,7.667554422260069,612,511,36,12,3,Underserved Region,0.215
Madhya Pradesh,Mandla,3578,6.4352517985611515,6.041399077975739,3336,237,5,17,3,Underserved Region,0.214
Haryana,Sirsa,2338,5.674757281553398,6.7359690119352695,2163,174,1,14,3,Underserved Region,0.214
Jharkhand,Seraikela-Kharsawan,3249,4.326231691078562,3.96771525115496,2212,1008,29,16,3,Underserved Region,0.213
Rajasthan,Sawai Madhopur,5739,6.306593406593406,30.496865615416176,3869,1789,81,27,3,Underserved Region,0.213
Telangana,Jayashankar Bhupalpally,557,2.4217391304347826,1.7054898569542747,415,138,4,11,3,Underserved Region,0.211
Rajasthan,Kota,6117,5.451871657754011,5.151401000252724,4422,1593,102,30,3,Underserved Region,0.211
Jammu And Kashmir,Rajouri,1944,4.7530562347188265,4.363411453104646,1470,467,7,13,3,Underserved Region,0.21
Assam,Hailakandi,4756,8.615942028985508,29.560868935988967,3204,1251,301,21,3,Underserved Region,0.21
Haryana,Karnal,2957,6.542035398230088,7.859943823734982,2786,164,7,15,3,Underserved Region,0.209
Uttar Pradesh,Ambedkar Nagar,6533,5.627045650301464,10.086501339985784,3128,3356,49,34,3,Underserved Region,0.209
Madhya Pradesh,Balaghat,5365,6.922580645161291,13.083974202380757,4846,492,27,24,3,Underserved Region,0.209
Jammu And Kashmir,Pulwama,1399,5.5078740157480315,6.3368812705486,1286,98,15,12,3,Underserved Region,0.208
Maharashtra,Washim,2583,7.038147138964578,26.874809235060884,2287,252,44,14,3,Underserved Region,0.207
Uttarakhand,Uttarkashi,761,3.1841004184100417,3.210997110502482,627,129,5,11,3,Underserved Region,0.206
Uttarakhand,Haridwar,4853,7.221726190476191,28.749080534707307,3753,1049,51,21,3,Underserved Region,0.206
Manipur,Imphal East,773,2.9169811320754717,2.343732442282243,379,385,9,11,3,Underserved Region,0.206
Punjab,Mansa,755,3.0443548387096775,2.6207766076920573,652,84,19,11,3,Underserved Region,0.206
Haryana,Kurukshetra,1519,4.561561561561562,6.229058407056243,1439,69,11,12,3,Underserved Region,0.205
Karnataka,Chamarajanagar *,13,1.0,0.0,13,0,0,10,3,Underserved Region,0.204
Karnataka,Haveri *,58,1.3488372093023255,0.7199114009717928,52,6,0,10,3,Underserved Region,0.203
Rajasthan,Deeg,61,1.7428571428571429,1.4213261649694946,14,35,12,10,3,Underserved Region,0.203
Bihar,Buxar,5899,5.738326848249027,5.281428386850691,2081,3758,60,27,3,Underserved Region,0.203
Uttar Pradesh,Jalaun,4723,6.596368715083799,22.10484712717116,2342,2258,123,20,3,Underserved Region,0.202
Andaman And Nicobar Islands,South Andaman,97,1.3661971830985915,0.591352846560164,86,11,0,10,3,Underserved Region,0.202
Assam,Charaideo,983,4.292576419213974,11.886413698574183,504,285,194,11,3,Underserved Region,0.201
Rajasthan,Pratapgarh,3262,6.550200803212851,5.917821697355328,2247,997,18,15,3,Underserved Region,0.199
Sikkim,East,245,1.7375886524822695,0.9902769459018018,136,108,1,10,3,Underserved Region,0.199
Chhattisgarh,Balod,1055,4.1050583657587545,3.1388215743311023,990,61,4,11,3,Underserved Region,0.199
Haryana,Fatehabad,1847,5.977346278317152,5.955691761959164,1755,82,10,12,3,Underserved Region,0.196
Chhattisgarh,Surguja,2965,7.267156862745098,6.6742160187004105,2378,581,6,14,3,Underserved Region,0.195
Assam,Chirang,2966,9.536977491961414,51.83675756358555,1740,962,264,14,3,Underserved Region,0.195
Bihar,Rohtas,6655,5.737068965517241,5.8083280511123,2303,4276,76,33,3,Underserved Region,0.194
Rajasthan,Bundi,4163,6.434312210200927,14.548252066389416,2891,1149,123,17,3,Underserved Region,0.192
Mizoram,Lunglei,572,5.777777777777778,22.582526907809733,399,104,69,10,3,Underserved Region,0.192
Jammu And Kashmir,Badgam,1347,6.095022624434389,6.056178109578711,1200,146,1,11,3,Underserved Region,0.192
Madhya Pradesh,Khandwa,3860,7.46615087040619,40.987062092722574,2693,1085,82,16,3,Underserved Region,0.192
Jammu And Kashmir,Reasi,1409,5.822314049586777,6.666121538473019,903,497,9,11,3,Underserved Region,0.191
Assam,Bongaigaon,2615,6.917989417989418,22.219334524599702,1859,548,208,13,3,Underserved Region,0.191
Uttar Pradesh,Jhansi,6121,6.718990120746432,8.19970928665259,3868,2186,67,27,3,Underserved Region,0.19
Assam,Dibrugarh,6357,8.866108786610878,29.511269186521325,3432,1469,1456,29,3,Underserved Region,0.189
Punjab,Fazilka,1485,4.900990099009901,4.34940420026153,1246,229,10,11,3,Underserved Region,0.189
Telangana,Komaram Bheem,748,3.3244444444444445,2.3804594727882473,597,151,0,10,3,Underserved Region,0.188
Madhya Pradesh,Hoshangabad,5106,9.615819209039548,15.139454086431842,4341,753,12,20,3,Underserved Region,0.185
Karnataka,Yadgir,5512,5.435897435897436,14.843817813443756,4211,1196,105,22,3,Underserved Region,0.184
Maharashtra,Gondiya *,37,1.1935483870967742,0.40160966445124946,33,4,0,9,3,Underserved Region,0.183
Assam,Bajali,24,1.0434782608695652,0.20851441405707477,16,7,1,9,3,Underserved Region,0.183
Himachal Pradesh,Lahul And Spiti,20,1.0526315789473684,0.22941573387056174,19,1,0,9,3,Underserved Region,0.183
Uttar Pradesh,Jyotiba Phule Nagar,56,1.3658536585365855,0.6616682537713143,37,19,0,9,3,Underserved Region,0.183
Bihar,Bhabua,26,1.0833333333333333,0.2823298512866399,11,15,0,9,3,Underserved Region,0.183
Madhya Pradesh,Niwari,85,1.3934426229508197,0.9879049975341786,62,14,9,9,3,Underserved Region,0.182
Lakshadweep,Lakshadweep,115,1.4375,0.7604753676550783,105,9,1,9,3,Underserved Region,0.181
Chhattisgarh,Raigarh,4188,8.2603550295858,49.833430711466086,3602,550,36,16,3,Underserved Region,0.18
Jharkhand,West Singhbhum,6062,10.120200333889816,32.828156647246004,3659,2356,47,25,3,Underserved Region,0.179
Jharkhand,Palamau,229,3.4696969696969697,4.30462969717917,175,54,0,9,3,Underserved Region,0.179
Odisha,Subarnapur,233,1.8492063492063493,1.1247574694481322,193,40,0,9,3,Underserved Region,0.179
Madhya Pradesh,Mauganj,269,2.3391304347826085,1.796131107831981,220,48,1,9,3,Underserved Region,0.178
Uttar Pradesh,Bara Banki,7381,5.2421875,7.856134188906198,4610,2683,88,41,3,Underserved Region,0.176
Uttar Pradesh,Shrawasti,4609,9.386965376782078,34.70289279768144,1660,2814,135,17,3,Underserved Region,0.176
Chhattisgarh,Rajnandgaon,3199,6.9543478260869565,7.466415919043019,2862,314,23,13,3,Underserved Region,0.174
Telangana,Jogulamba Gadwal,1355,4.608843537414966,4.188403056026993,1108,245,2,10,3,Underserved Region,0.174
Madhya Pradesh,Narsinghpur,4379,6.747303543913714,20.74256366009785,3197,1092,90,16,3,Underserved Region,0.174
Uttar Pradesh,Sant Ravidas Nagar,3681,6.260204081632653,5.12221815896103,1538,2139,4,14,3,Underserved Region,0.173
Haryana,Kaithal,2158,6.539393939393939,24.388446357671,2067,79,12,11,3,Underserved Region,0.173
Uttar Pradesh,Sant Kabir Nagar,5177,6.487468671679198,5.716578137698509,2292,2850,35,19,3,Underserved Region,0.173
Madhya Pradesh,Shajapur,5897,7.738845144356955,8.059488917298125,4944,936,17,23,3,Underserved Region,0.173
Uttarakhand,Champawat,592,3.4823529411764707,3.019117644939558,513,78,1,9,3,Underserved Region,0.172
Punjab,Faridkot,647,3.3697916666666665,2.7862271509111918,560,77,10,9,3,Underserved Region,0.171
Jharkhand,East Singhbhum,6919,7.081883316274309,12.331464210070099,4951,1869,99,32,3,Underserved Region,0.169
Madhya Pradesh,Seoni,4808,7.5007800312012485,6.880253630179676,4333,467,8,17,3,Underserved Region,0.168
Madhya Pradesh,Neemuch,4255,8.074003795066414,8.256131936174105,3549,689,17,15,3,Underserved Region,0.167
Maharashtra,Parbhani,5309,7.784457478005865,18.91317650723,4179,932,198,19,3,Underserved Region,0.167
Gujarat,Gir Somnath,5115,11.023706896551724,47.926075616789454,3832,914,369,18,3,Underserved Region,0.166
Odisha,Malkangiri,2430,7.253731343283582,9.118880990911652,1995,431,4,11,3,Underserved Region,0.166
Jammu And Kashmir,Doda,3991,9.805896805896806,30.541003119510908,3020,939,32,14,3,Underserved Region,0.164
Chhattisgarh,Dakshin Bastar Dantewada,1008,5.538461538461538,8.375586322093756,847,137,24,9,3,Underserved Region,0.164
Odisha,Sonapur,1011,4.011904761904762,2.99066561480531,840,170,1,9,3,Underserved Region,0.164
Uttar Pradesh,Mahoba,2522,6.384810126582279,5.341986944919854,1633,879,10,11,3,Underserved Region,0.164
Maharashtra,Washim *,21,1.2352941176470589,0.562295714538387,17,4,0,8,3,Underserved Region,0.163
Bihar,Monghyr,34,1.2592592592592593,0.4465760847047224,20,14,0,8,3,Underserved Region,0.163
Himachal Pradesh,Lahul & Spiti,30,1.25,0.6756639246921762,28,2,0,8,3,Underserved Region,0.163
Jammu & Kashmir,Baramula,27,1.4210526315789473,0.6924826089821247,24,3,0,8,3,Underserved Region,0.163
Haryana,Jind,2561,6.921621621621622,6.894624398884921,2478,83,0,11,3,Underserved Region,0.163
Uttar Pradesh,Mau,6361,6.717001055966209,6.585440751951376,2178,4139,44,25,3,Underserved Region,0.163
Uttar Pradesh,Mahrajganj,12,1.0,0.0,6,6,0,8,3,Underserved Region,0.163
Madhya Pradesh,Pandhurna,66,1.8333333333333333,2.4083189157584592,36,3,27,8,3,Underserved Region,0.162
Pondicherry,Karaikal,90,1.3432835820895523,0.6167421445857145,82,8,0,8,3,Underserved Region,0.162
Mizoram,Kolasib,201,2.9558823529411766,10.153205248677557,117,49,35,8,3,Underserved Region,0.16
Madhya Pradesh,Maihar,197,1.841121495327103,1.1828135047362376,162,17,18,8,3,Underserved Region,0.16
Puducherry,Karaikal,227,1.7734375,1.1169054813773227,188,27,12,8,3,Underserved Region,0.159
Chhattisgarh,Sakti,293,2.1865671641791047,1.382859141499774,224,67,2,8,3,Underserved Region,0.158
Arunachal Pradesh,Papum Pare,286,2.1503759398496243,1.3789337152060195,135,146,5,8,3,Underserved Region,0.158
Maharashtra,Latur,6342,7.487603305785124,35.3558341950088,4731,1463,148,24,3,Underserved Region,0.157
Nagaland,Mokokchung,402,4.276595744680851,22.526163643671932,115,247,40,8,3,Underserved Region,0.156
Jharkhand,Latehar,2201,6.2175141242937855,5.480392919380088,1366,824,11,10,3,Underserved Region,0.156
Tripura,Unakoti,450,2.6315789473684212,3.9983742826334745,285,140,25,8,3,Underserved Region,0.155
Uttarakhand,Udham Singh Nagar,5191,9.027826086956521,8.285997884703523,4283,890,18,17,3,Underserved Region,0.154
Jammu And Kashmir,Budgam,522,3.48,2.6690369778745557,469,38,15,8,3,Underserved Region,0.154
Nagaland,Kohima,1486,8.63953488372093,36.73435945670868,510,870,106,9,3,Underserved Region,0.154
Tripura,Gomati,521,3.2974683544303796,9.830091260354113,343,167,11,8,3,Underserved Region,0.154
Chhattisgarh,Surajpur,2341,6.1122715404699735,5.182575600295117,1724,610,7,10,3,Underserved Region,0.153
Uttar Pradesh,Hathras,5835,8.935681470137826,37.05772521197317,3407,2347,81,20,3,Underserved Region,0.153
Jharkhand,Khunti,2319,7.914675767918089,25.424941029429995,1213,1061,45,10,3,Underserved Region,0.153
Delhi,New Delhi,1583,22.942028985507246,58.97130011284427,882,485,216,9,3,Underserved Region,0.153
Chhattisgarh,Dantewada,569,4.588709677419355,6.087454908631442,459,110,0,8,3,Underserved Region,0.153
Delhi,Central Delhi,3583,10.26647564469914,36.56541209112515,2463,935,185,12,3,Underserved Region,0.151
Rajasthan,Tonk,5049,7.876755070202808,39.141076242918764,3549,1443,57,16,3,Underserved Region,0.15
Manipur,Thoubal,764,3.638095238095238,3.1368280371143986,304,455,5,8,3,Underserved Region,0.15
Manipur,Tamenglong,803,4.7514792899408285,4.3435516862421055,252,522,29,8,3,Underserved Region,0.149
Jharkhand,Lohardaga,2666,11.692982456140351,32.40971932128188,1749,862,55,10,3,Underserved Region,0.146
Madhya Pradesh,Sehore,5710,9.31484502446982,48.6842272056522,4441,1216,53,18,3,Underserved Region,0.143
Uttar Pradesh,Baghpat,6064,8.813953488372093,28.224154387641047,2993,2918,153,20,3,Underserved Region,0.143
Orissa,Gajapati,8,1.0,0.0,8,0,0,7,3,Underserved Region,0.143
Madhya Pradesh,Dindori,2092,6.770226537216828,5.862240519592592,1865,226,1,9,3,Underserved Region,0.143
Orissa,Kalahandi,9,1.125,0.3535533905932738,9,0,0,7,3,Underserved Region,0.143
Andhra Pradesh,Mahabubnagar,7,1.0,0.0,7,0,0,7,3,Underserved Region,0.143
Andaman And Nicobar Islands,North And Middle Andaman,74,1.48,0.677329690921697,71,3,0,7,3,Underserved Region,0.142
Chhattisgarh,Janjgir - Champa,26,1.4444444444444444,0.8555852638929972,25,1,0,7,3,Underserved Region,0.142
Andaman & Nicobar Islands,Andamans,31,1.1481481481481481,0.3620139928982457,26,5,0,7,3,Underserved Region,0.142
Mizoram,Mammit,44,1.5172413793103448,0.9110703930453145,38,6,0,7,3,Underserved Region,0.142
Mizoram,Mamit,117,2.4375,2.7046551673860546,91,23,3,7,3,Underserved Region,0.141
Sikkim,South,126,1.75,1.1352234997418778,57,68,1,7,3,Underserved Region,0.141
Chhattisgarh,Bemetara,2192,6.703363914373089,6.031163013853579,1916,265,11,9,3,Underserved Region,0.141
Chhattisgarh,Sarangarh-Bilaigarh,91,1.5423728813559323,0.7948548750277297,68,20,3,7,3,Underserved Region,0.141
Jharkhand,Gumla,5976,8.573888091822095,23.75450485900843,3610,2274,92,19,3,Underserved Region,0.14
Jharkhand,Kodarma,226,2.6588235294117646,1.9490714588800295,134,92,0,7,3,Underserved Region,0.139
Jharkhand,Sahibganj,280,4.057971014492754,4.111976975398368,143,137,0,7,3,Underserved Region,0.139
Arunachal Pradesh,West Kameng,220,2.933333333333333,9.438754689581147,120,82,18,7,3,Underserved Region,0.139
Jammu And Kashmir,Kargil,344,2.4748201438848922,1.9386643215047161,248,95,1,7,3,Underserved Region,0.138
Ladakh,Kargil,343,2.5984848484848486,2.209831773103449,243,93,7,7,3,Underserved Region,0.138
Odisha,Nabarangapur,5437,8.066765578635016,12.566612735531253,3617,1755,65,16,3,Underserved Region,0.137
Uttar Pradesh,Lalitpur,4190,8.533604887983707,12.554549993914163,2948,1172,70,12,3,Underserved Region,0.135
Jharkhand,Godda,4606,9.031372549019608,9.16766955700925,2727,1862,17,13,3,Underserved Region,0.135
Odisha,Nuapada,1635,5.5993150684931505,4.111888665228677,1294,339,2,8,3,Underserved Region,0.135
Assam,West Karbi Anglong,1811,15.347457627118644,47.82131576341603,375,947,489,8,3,Underserved Region,0.132
Arunachal Pradesh,Changlang,722,5.553846153846154,6.386834251731732,429,280,13,7,3,Underserved Region,0.132
Madhya Pradesh,Raisen,6350,8.37730870712401,15.174114513468314,5132,1096,122,20,3,Underserved Region,0.131
Rajasthan,Baran,5583,9.305,23.31611840112954,4015,1491,77,16,3,Underserved Region,0.131
Uttar Pradesh,Kannauj,5830,7.752659574468085,29.834429808056285,2703,3031,96,17,3,Underserved Region,0.13
Haryana,Mahendragarh,1969,6.541528239202658,5.726759088411166,1814,137,18,8,3,Underserved Region,0.129
Assam,North Cachar Hills,912,6.289655172413793,17.678029852435518,407,368,137,7,3,Underserved Region,0.129
Uttar Pradesh,Kanpur Dehat,7090,8.829389788293899,38.67792752729559,3505,3408,177,26,3,Underserved Region,0.128
Madhya Pradesh,Damoh,5168,9.345388788426764,8.687512980014331,4264,859,45,14,3,Underserved Region,0.128
Rajasthan,Jhalawar,6088,7.3173076923076925,8.052641991520478,4272,1760,56,18,3,Underserved Region,0.128
Madhya Pradesh,Chhindwara,7195,7.9944444444444445,8.125474040914083,6583,565,47,27,3,Underserved Region,0.127
Rajasthan,Banswara,6182,8.049479166666666,8.156721082379383,3556,2598,28,18,3,Underserved Region,0.124
Telangana,Jangaon,44,1.2571428571428571,0.505432670960188,35,9,0,6,3,Underserved Region,0.122
Andaman & Nicobar Islands,South Andaman,21,1.1666666666666667,0.3834824944236852,21,0,0,6,3,Underserved Region,0.122
Maharashtra,Gondia,19,1.0555555555555556,0.2357022603955158,15,4,0,6,3,Underserved Region,0.122
Sikkim,North,36,1.3846153846153846,0.6373020054525532,26,10,0,6,3,Underserved Region,0.122
Orissa,Malkangiri,35,1.3461538461538463,0.6287961636211018,28,7,0,6,3,Underserved Region,0.122
Madhya Pradesh,Tikamgarh,6264,8.061776061776062,7.250225267477452,4843,1393,28,18,3,Underserved Region,0.121
Orissa,Rayagada,122,2.1785714285714284,2.081146037924497,99,23,0,6,3,Underserved Region,0.121
Ladakh,Leh,87,1.7058823529411764,1.0058651529317204,68,11,8,6,3,Underserved Region,0.121
Telangana,Rangareddy,182,1.956989247311828,1.4058416827081366,137,43,2,6,3,Underserved Region,0.12
Tripura,Sepahijala,1532,7.584158415841584,23.003251912326306,978,524,30,7,3,Underserved Region,0.119
Assam,Majuli,431,5.192771084337349,22.82834023395486,294,126,11,6,3,Underserved Region,0.117
Jharkhand,Simdega,1663,5.855633802816901,4.486761439923307,1147,503,13,7,3,Underserved Region,0.117
Madhya Pradesh,Harda *,441,3.644628099173554,2.912214232424735,353,88,0,6,3,Underserved Region,0.117
Sikkim,South Sikkim,416,6.4,32.4950957838256,163,228,25,6,3,Underserved Region,0.117
Chhattisgarh,Kondagaon,2698,10.181132075471698,15.638107309668332,1732,957,9,8,3,Underserved Region,0.116
Uttar Pradesh,Ballia,7984,5.276933245208196,4.5436569084848735,3223,4724,37,39,3,Underserved Region,0.116
Odisha,Debagarh,591,3.8129032258064517,3.0807047110276504,511,75,5,6,3,Underserved Region,0.115
Bihar,Sheikhpura,2766,9.068852459016393,9.607349519885227,1064,1683,19,8,3,Underserved Region,0.115
Jharkhand,Koderma,2762,7.6088154269972454,6.652472599480074,1768,983,11,8,3,Underserved Region,0.115
Assam,Tinsukia,7538,9.602547770700637,32.04059118206939,3304,2612,1622,29,3,Underserved Region,0.114
Nagaland,Zunheboto,666,6.865979381443299,35.25225432093533,109,510,47,6,3,Underserved Region,0.114
Punjab,Malerkotla,652,4.6571428571428575,4.851420363954286,531,115,6,6,3,Underserved Region,0.114
Manipur,Chandel,617,5.099173553719008,6.949106607660303,198,414,5,6,3,Underserved Region,0.114
Manipur,Ukhrul,657,4.830882352941177,4.68497226689894,283,361,13,6,3,Underserved Region,0.114
Chhattisgarh,Bastar,6143,12.485772357723578,16.1883579654681,4477,1660,6,16,3,Underserved Region,0.112
Uttar Pradesh,Mirzapur,6798,9.494413407821229,10.92843712417777,3153,3637,8,20,3,Underserved Region,0.111
Haryana,Panipat,5455,16.430722891566266,96.65879514369048,4882,528,45,13,3,Underserved Region,0.11
Nagaland,Dimapur,3044,16.105820105820104,77.53879892213068,1045,1723,276,8,3,Underserved Region,0.11
Mizoram,Champhai,1047,9.694444444444445,40.60672066591779,714,244,89,6,3,Underserved Region,0.109
Assam,Lakhimpur,6434,10.427876823338735,32.131755960446476,4131,1672,631,17,3,Underserved Region,0.108
Madhya Pradesh,Betul,6980,8.971722365038561,26.79766835868516,5765,1090,125,21,3,Underserved Region,0.108
Manipur,Churachandpur,4428,19.945945945945947,123.04495281544267,1175,3150,103,10,3,Underserved Region,0.107
Chhattisgarh,Mungeli,2342,9.481781376518219,8.187753103192518,2050,290,2,7,3,Underserved Region,0.107
Chhattisgarh,Bilaspur,7329,8.642688679245284,50.91591715215278,6073,1237,19,24,3,Underserved Region,0.106
Jammu And Kashmir,Kupwara,2423,7.766025641025641,5.72294975765128,1989,395,39,7,3,Underserved Region,0.106
Uttar Pradesh,Etawah,6349,9.228197674418604,45.089191457227834,3633,2600,116,16,3,Underserved Region,0.105
Bihar,Lakhisarai,5688,14.65979381443299,75.28425191236141,2443,3178,67,13,3,Underserved Region,0.104
Rajasthan,Karauli,7437,7.746875,34.2985951524505,4992,2336,109,25,3,Underserved Region,0.104
Nagaland,Tuensang,1453,14.245098039215685,60.292100245143956,455,916,82,6,3,Underserved Region,0.103
West  Bengal,Hooghly,15,1.0,0.0,9,6,0,5,3,Underserved Region,0.102
Assam,Tamulpur District,35,1.206896551724138,0.4122508203948854,12,23,0,5,3,Underserved Region,0.102
Sikkim,North Sikkim,45,1.5,0.9001915504970076,31,14,0,5,3,Underserved Region,0.102
Haryana,Yamunanagar,37,1.5416666666666667,0.8329709356935241,34,3,0,5,3,Underserved Region,0.102
Madhya Pradesh,Mandsaur,7014,8.789473684210526,8.577540014263727,6250,740,24,20,3,Underserved Region,0.102
Jammu & Kashmir,Kathua,5,1.0,0.0,5,0,0,5,3,Underserved Region,0.102
Arunachal Pradesh,Tirap,63,1.7027027027027026,1.1270626736212457,34,28,1,5,3,Underserved Region,0.101
Arunachal Pradesh,Lohit,116,2.32,2.2263725415746465,68,47,1,5,3,Underserved Region,0.101
Odisha,Baudh,95,1.6666666666666667,0.9128709291752767,73,22,0,5,3,Underserved Region,0.101
Jammu And Kashmir,Leh,128,2.2857142857142856,1.6035674514745464,98,29,1,5,3,Underserved Region,0.101
Mizoram,Serchhip,73,2.1470588235294117,1.7256066643564232,53,15,5,5,3,Underserved Region,0.101
Chhattisgarh,Mahasamund,2758,8.30722891566265,6.256516276912423,2252,484,22,7,3,Underserved Region,0.101
Tripura,Khowai,226,2.3789473684210525,1.5923951407971866,113,73,40,5,3,Underserved Region,0.1
Nagaland,Chumukedima,163,3.1346153846153846,11.749057277415664,28,87,48,5,3,Underserved Region,0.1
Madhya Pradesh,Umaria,4767,13.132231404958677,14.145812578829277,3887,856,24,10,3,Underserved Region,0.1
Bihar,Munger,5522,10.827450980392157,41.78170456454367,2205,3215,102,12,3,Underserved Region,0.1
Jharkhand,Garhwa,5530,12.047930283224401,11.92067536532367,4089,1427,14,12,3,Underserved Region,0.1
Bihar,Sheohar,2820,10.522388059701493,13.53465045042309,1776,1033,11,7,3,Underserved Region,0.1
Assam,Dima Hasao,239,12.578947368421053,36.489444119686766,119,93,27,5,3,Underserved Region,0.099
Uttar Pradesh,Kasganj,5851,10.855287569573283,68.28862201502407,2944,2756,151,13,3,Underserved Region,0.099
Assam,Darrang,6963,11.39607201309329,30.29678743378445,3959,1759,1245,19,3,Underserved Region,0.099
Madhya Pradesh,Singrauli,5570,13.105882352941176,15.183487438267049,4815,736,19,12,3,Underserved Region,0.099
Madhya Pradesh,Sidhi,5557,12.745412844036696,13.382158376647386,4942,602,13,12,3,Underserved Region,0.099
Assam,Karbi Anglong,7558,11.41691842900302,49.12349639330006,2616,3885,1057,25,3,Underserved Region,0.098
Madhya Pradesh,Ashok Nagar,4916,13.431693989071038,21.132834437649738,3535,1216,165,10,3,Underserved Region,0.097
Jharkhand,Sahebganj,5650,10.1985559566787,12.800892744407527,3247,2388,15,12,3,Underserved Region,0.097
Jammu And Kashmir,Ganderbal,582,4.343283582089552,3.061044289869138,523,49,10,5,3,Underserved Region,0.096
Madhya Pradesh,Agar Malwa,2190,8.051470588235293,7.36734577763592,1789,372,29,6,3,Underserved Region,0.094
Uttar Pradesh,Kaushambi,6666,10.415625,33.54667511377783,3851,2746,69,16,3,Underserved Region,0.094
Nagaland,Phek,931,7.631147540983607,28.53711540602974,285,608,38,5,3,Underserved Region,0.092
Jammu And Kashmir,Kulgam,1041,9.63888888888889,9.603794356587072,823,209,9,5,3,Underserved Region,0.091
Gujarat,The Dangs,1120,8.057553956834532,18.37522346671675,869,177,74,5,3,Underserved Region,0.09
Jammu And Kashmir,Bandipore,1328,7.2967032967032965,6.627407525432991,1025,260,43,5,3,Underserved Region,0.088
Nagaland,Peren,1404,21.6,79.76778798487518,494,815,95,5,3,Underserved Region,0.087
Uttar Pradesh,Pratapgarh,8329,5.433137638617091,4.545275328512366,4655,3618,56,39,3,Underserved Region,0.086
Delhi,Shahdara,1569,13.643478260869566,80.44592727954442,1026,481,62,5,3,Underserved Region,0.085
Mizoram,Lawngtlai,1518,11.952755905511811,39.96444019925646,1068,353,97,5,3,Underserved Region,0.085
Uttar Pradesh,Chitrakoot,5034,12.46039603960396,11.579948265336728,2747,2273,14,9,3,Underserved Region,0.085
Jammu And Kashmir,Ramban,1623,7.619718309859155,7.701444725742866,1119,499,5,5,3,Underserved Region,0.084
Karnataka,Raichur,8075,6.629720853858785,13.335627154599198,6156,1819,100,30,3,Underserved Region,0.083
Jammu & Kashmir,Anantnag,4,1.0,0.0,3,1,0,4,3,Underserved Region,0.082
Assam,Dhemaji,6461,14.818807339449542,50.44557066278299,3582,1734,1145,13,3,Underserved Region,0.082
Chhattisgarh,Mohalla-Manpur-Ambagarh Chowki,10,1.25,0.4629100498862757,7,3,0,4,3,Underserved Region,0.082
Tripura,Dhalai  *,28,1.8666666666666667,1.245945806357946,24,4,0,4,3,Underserved Region,0.081
Sikkim,Namchi,18,1.125,0.3415650255319866,3,4,11,4,3,Underserved Region,0.081
Dadra And Nagar Haveli And Daman And Diu,Dadra And Nagar Haveli,54,1.8620689655172413,1.5288683473881328,36,10,8,4,3,Underserved Region,0.081
Andaman And Nicobar Islands,Nicobar,57,2.590909090909091,2.2180877845372624,47,10,0,4,3,Underserved Region,0.081
Arunachal Pradesh,West Siang,120,2.2222222222222223,1.5861031714362879,69,49,2,4,3,Underserved Region,0.081
Bihar,Sheikpura,17,1.4166666666666667,0.5149286505444373,9,8,0,4,3,Underserved Region,0.081
Orissa,Jharsuguda,17,1.3076923076923077,0.8548504142651102,17,0,0,4,3,Underserved Region,0.081
Chhattisgarh,Mohla-Manpur-Ambagarh Chouki,178,2.197530864197531,1.4698618394803284,105,69,4,4,3,Underserved Region,0.08
Jharkhand,Pakaur,218,3.253731343283582,3.2208754860172646,143,75,0,4,3,Underserved Region,0.08
Delhi,South West Delhi,7942,8.844097995545656,34.77742854092344,5863,1738,341,26,3,Underserved Region,0.08
Chhattisgarh,Khairagarh Chhuikhadan Gandai,148,2.176470588235294,1.3376430203414906,102,46,0,4,3,Underserved Region,0.08
Jharkhand,Garhwa *,249,3.364864864864865,3.0094568950902327,200,49,0,4,3,Underserved Region,0.079
Uttar Pradesh,Sambhal,7915,9.433849821215732,20.821209544679053,4250,3551,114,25,3,Underserved Region,0.078
Tamil Nadu,Kanchipuram,387,96.75,170.21236735325667,277,89,21,4,3,Underserved Region,0.078
Jammu And Kashmir,Punch,2334,10.561085972850679,16.397120775440825,1837,480,17,5,3,Underserved Region,0.077
Madhya Pradesh,Datia,5417,12.481566820276498,43.262727973621146,3673,1701,43,9,3,Underserved Region,0.077
Rajasthan,Jalore,494,98.8,218.68744819947943,298,183,13,4,3,Underserved Region,0.077
Nagaland,Wokha,492,8.785714285714286,32.85212835818005,104,358,30,4,3,Underserved Region,0.077
Dadra And Nagar Haveli,Dadra And Nagar Haveli,558,5.8125,5.266203066426712,493,61,4,4,3,Underserved Region,0.077
Jharkhand,Deoghar,7422,10.512747875354108,29.269944046670265,3999,3302,121,18,3,Underserved Region,0.076
Chhattisgarh,Kabeerdham,723,5.692913385826771,4.56089626917262,637,83,3,4,3,Underserved Region,0.075
Manipur,Bishnupur,923,7.155038759689923,12.609179203810156,420,461,42,4,3,Underserved Region,0.074
Assam,South Salmara Mankachar,1214,8.039735099337749,17.606014424887874,855,313,46,4,3,Underserved Region,0.071
Haryana,Palwal,3932,13.512027491408935,12.998502288232006,3630,298,4,6,3,Underserved Region,0.071
Meghalaya,North Garo Hills,2952,19.16883116883117,69.5776056296913,439,1760,753,5,3,Underserved Region,0.07
Madhya Pradesh,Ratlam,7083,11.46116504854369,14.139474724331462,5686,1322,75,14,3,Underserved Region,0.069
Jharkhand,Palamu,7599,10.366984993178718,10.71847143168007,5762,1774,63,18,3,Underserved Region,0.069
Jharkhand,Jamtara,4161,13.293929712460065,12.836366416439473,2944,1201,16,6,3,Underserved Region,0.068
Delhi,North Delhi,4118,17.449152542372882,49.12963268526847,2877,1163,78,6,3,Underserved Region,0.068
Madhya Pradesh,Rajgarh,7300,10.28169014084507,10.601757709592636,5838,1428,34,15,3,Underserved Region,0.067
Jharkhand,Chatra,5930,15.483028720626631,36.21119116615674,3236,2661,33,9,3,Underserved Region,0.067
Bihar,Khagaria,7312,9.989071038251366,9.43433730262386,3868,3378,66,15,3,Underserved Region,0.067
Chhattisgarh,Kawardha,1781,10.538461538461538,9.906106822609598,1554,226,1,4,3,Underserved Region,0.066
Chhattisgarh,Sukma,2042,11.536723163841808,39.1329327783863,1176,747,119,4,3,Underserved Region,0.064
Nagaland,Mon,2092,11.622222222222222,55.55390512756424,590,1334,168,4,3,Underserved Region,0.063
Assam,Hojai,6466,15.618357487922705,82.32181139108677,4850,1461,155,10,3,Underserved Region,0.063
Orissa,Baudh,4,1.0,0.0,4,0,0,3,3,Underserved Region,0.061
Daman & Diu,Diu,7,1.1666666666666667,0.408248290463863,7,0,0,3,3,Underserved Region,0.061
Arunachal Pradesh,Lower Siang,24,1.411764705882353,0.7122871199007256,9,12,3,3,3,Underserved Region,0.061
West Bangal,Hooghly,4,1.0,0.0,3,1,0,3,3,Underserved Region,0.061
Arunachal Pradesh,Namsai,87,2.0714285714285716,1.3323893290032802,51,35,1,3,3,Underserved Region,0.061
Chhattisgarh,Gaurela-Pendra-Marwahi,81,1.7608695652173914,1.177280908774219,61,15,5,3,3,Underserved Region,0.061
Orissa,Baleswar,3,1.0,0.0,2,1,0,3,3,Underserved Region,0.061
Daman And Diu,Daman,30,1.5,0.8271701918685112,20,10,0,3,3,Underserved Region,0.061
Daman And Diu,Diu,26,1.3,0.5712405705774795,24,2,0,3,3,Underserved Region,0.061
Puducherry,Pondicherry,3,1.0,0.0,3,0,0,3,3,Underserved Region,0.061
Dadra And Nagar Haveli And Daman And Diu,Diu,17,1.3076923076923077,0.7510676161988108,8,5,4,3,3,Underserved Region,0.061
Westbengal,Hooghly,6,1.0,0.0,3,3,0,3,3,Underserved Region,0.061
Nagaland,Niuland,23,1.5333333333333334,0.9154754164341269,9,12,2,3,3,Underserved Region,0.061
Meghalaya,Jaintia Hills,3,1.0,0.0,3,0,0,3,3,Underserved Region,0.061
Himachal Pradesh,Lahaul And Spiti,3,1.0,0.0,3,0,0,3,3,Underserved Region,0.061
Jammu & Kashmir,Kupwara,6,1.5,0.5773502691896257,5,1,0,3,3,Underserved Region,0.061
Manipur,Kakching,72,2.1176470588235294,1.2001188295294294,25,46,1,3,3,Underserved Region,0.061
Jammu & Kashmir,Srinagar,3,1.0,0.0,2,1,0,3,3,Underserved Region,0.061
Arunachal Pradesh,Tawang,115,2.3,1.9923322401401933,79,29,7,3,3,Underserved Region,0.06
Maharashtra,Chatrapati Sambhaji Nagar,159,3.3125,2.043737190082829,79,65,15,3,3,Underserved Region,0.06
Sikkim,West,155,2.1232876712328768,1.2577007844945125,66,84,5,3,3,Underserved Region,0.06
Madhya Pradesh,Alirajpur,6711,19.06534090909091,59.04475817284481,3073,3269,369,10,3,Underserved Region,0.058
Assam,Sivasagar,422,105.5,60.67673909058286,204,113,105,3,3,Underserved Region,0.058
Sikkim,West Sikkim,440,6.666666666666667,25.694257564577953,173,229,38,3,3,Underserved Region,0.058
Mizoram,Saiha,578,8.5,24.29575234664595,320,163,95,3,3,Underserved Region,0.057
Uttar Pradesh,Amroha,7477,11.868253968253969,33.653146728127396,5100,2317,60,14,3,Underserved Region,0.057
Bihar,Kaimur (Bhabua),7166,13.887596899224807,54.64983821328444,2731,4351,84,12,3,Underserved Region,0.057
Chhattisgarh,Balrampur,5591,15.749295774647887,55.369398616699684,4111,1411,69,7,3,Underserved Region,0.057
Nagaland,Longleng,854,21.35,78.78778702702205,198,608,48,3,3,Underserved Region,0.056
Bihar,Madhepura,8122,10.02716049382716,10.255174609236457,4118,3966,38,21,3,Underserved Region,0.056
Nagaland,Kiphire,827,14.016949152542374,39.214481634240656,151,625,51,3,3,Underserved Region,0.056
Arunachal Pradesh,Longding,832,16.0,55.02334620368866,124,672,36,3,3,Underserved Region,0.056
Meghalaya,South Garo Hills,4320,24.82758620689655,68.51272307419737,556,2323,1441,5,3,Underserved Region,0.055
Jammu And Kashmir,Kishtwar,1075,7.413793103448276,7.043107551690115,899,170,6,3,3,Underserved Region,0.054
Gujarat,Patan,8273,12.786707882534776,50.74724238245683,5444,2125,704,23,3,Underserved Region,0.054
Delhi,North East,1492,9.209876543209877,6.449451899063078,1130,360,2,3,3,Underserved Region,0.051
Meghalaya,South West Garo Hills,4875,33.854166666666664,119.47659563945736,2373,1626,876,5,3,Underserved Region,0.049
Madhya Pradesh,Harda,1930,11.420118343195266,7.909146151327233,1558,355,17,3,3,Underserved Region,0.049
Madhya Pradesh,Rewa,8642,7.048939641109299,6.114623730411956,7317,1296,29,30,3,Underserved Region,0.046
Rajasthan,Dholpur,7730,11.801526717557252,38.7145556249511,5165,2416,149,13,3,Underserved Region,0.046
Orissa,Nuapada,2,1.0,0.0,2,0,0,2,3,Underserved Region,0.041
Orissa,Khorda,2,1.0,0.0,1,1,0,2,3,Underserved Region,0.041
Jammu & Kashmir,Leh (Ladakh),2,1.0,0.0,2,0,0,2,3,Underserved Region,0.041
Orissa,Debagarh,4,1.0,0.0,4,0,0,2,3,Underserved Region,0.041
Uttar Pradesh,Kushinagar *,4,1.0,0.0,3,1,0,2,3,Underserved Region,0.041
West Bangal,Howrah,4,1.3333333333333333,0.5773502691896257,2,2,0,2,3,Underserved Region,0.041
Mizoram,Saitual,12,1.5,1.4142135623730951,2,3,7,2,3,Underserved Region,0.041
Mizoram,Khawzawl,32,2.2857142857142856,3.7092103955210947,4,6,22,2,3,Underserved Region,0.041
Uttar Pradesh,Shamli,7640,14.692307692307692,26.673316941620683,5132,2451,57,11,3,Underserved Region,0.041
Arunachal Pradesh,Lower Subansiri,69,2.090909090909091,1.1555203471714692,35,34,0,2,3,Underserved Region,0.041
Chandigarh,Rupnagar,3,1.0,0.0,3,0,0,2,3,Underserved Region,0.041
Jammu & Kashmir,Udhampur,2,1.0,0.0,2,0,0,2,3,Underserved Region,0.041
Manipur,Pherzawl,10,2.0,1.7320508075688772,1,9,0,2,3,Underserved Region,0.041
Arunachal Pradesh,Upper Siang,26,1.4444444444444444,0.7838233761296739,13,12,1,2,3,Underserved Region,0.041
Karnataka,Udupi *,2,1.0,0.0,2,0,0,2,3,Underserved Region,0.041
Karnataka,Bijapur(Kar),3,1.5,0.7071067811865476,3,0,0,2,3,Underserved Region,0.041
Orissa,Nabarangapur,2,1.0,0.0,1,1,0,2,3,Underserved Region,0.041
Jammu & Kashmir,Pulwama,2,1.0,0.0,2,0,0,2,3,Underserved Region,0.041
Dadra And Nagar Haveli And Daman And Diu,Daman,37,1.7619047619047619,0.768424485864545,26,5,6,2,3,Underserved Region,0.041
Telangana,Warangal (Urban),7,1.4,0.5477225575051661,6,1,0,2,3,Underserved Region,0.041
Jammu & Kashmir,Doda,2,1.0,0.0,2,0,0,2,3,Underserved Region,0.041
Uttar Pradesh,Raebareli,3,1.5,0.7071067811865476,0,3,0,2,3,Underserved Region,0.041
Rajasthan,Didwana-Kuchaman,2,1.0,0.0,2,0,0,2,3,Underserved Region,0.041
Arunachal Pradesh,Dibang Valley,6,1.2,0.4472135954999579,3,3,0,2,3,Underserved Region,0.041
Sikkim,Mangan,3,1.0,0.0,0,2,1,2,3,Underserved Region,0.041
Jharkhand,Bokaro *,2,1.0,0.0,2,0,0,2,3,Underserved Region,0.041
Daman & Diu,Daman,5,1.0,0.0,4,1,0,2,3,Underserved Region,0.041
Jammu & Kashmir,Bandipur,2,1.0,0.0,2,0,0,2,3,Underserved Region,0.041
Arunachal Pradesh,East Kameng,135,3.292682926829268,2.908985239211643,67,54,14,2,3,Underserved Region,0.04
Arunachal Pradesh,East Siang,121,2.630434782608696,1.5966450332866227,55,64,2,2,3,Underserved Region,0.04
Bihar,Aurangabad,8712,7.615384615384615,7.184164638232439,2533,6107,72,29,3,Underserved Region,0.04
Arunachal Pradesh,Siang,85,2.8333333333333335,2.6272226496006597,31,50,4,2,3,Underserved Region,0.04
Manipur,Jiribam,99,2.5384615384615383,1.8331186231773644,37,61,1,2,3,Underserved Region,0.04
Maharashtra,Ahmednagar,368,184.0,16.97056274847714,182,158,28,2,3,Underserved Region,0.039
Meghalaya,South West Khasi Hills,3367,26.100775193798448,82.46086618826766,768,1502,1097,3,3,Underserved Region,0.039
Chhattisgarh,Bijapur,6478,23.135714285714286,82.06477122923889,3451,1687,1340,6,3,Underserved Region,0.038
Meghalaya,Eastern West Khasi Hills,753,19.307692307692307,59.22799562358197,3,161,589,2,3,Underserved Region,0.038
Uttar Pradesh,Basti,8848,7.33665008291874,10.160019279326914,4198,4570,80,34,3,Underserved Region,0.037
Gujarat,Dang,872,218.0,75.01555394272133,531,179,162,2,3,Underserved Region,0.037
Uttar Pradesh,Deoria,8825,7.555650684931507,22.75555400260071,4006,4706,113,31,3,Underserved Region,0.035
Haryana,Mewat,6697,20.23262839879154,73.54094072327688,6154,524,19,6,3,Underserved Region,0.035
Madhya Pradesh,Sheopur,6988,23.37123745819398,88.99558454928494,3643,3207,138,5,3,Underserved Region,0.026
Bihar,Kishanganj,8029,18.289293849658314,17.12766058931488,6366,1640,23,9,3,Underserved Region,0.026
Dadra & Nagar Haveli,Dadra & Nagar Haveli,15,1.0714285714285714,0.2672612419124244,12,3,0,1,3,Underserved Region,0.02
Delhi,Najafgarh,19,1.3571428571428572,0.4972451580988469,14,5,0,1,3,Underserved Region,0.02
Delhi,North East   *,2,2.0,0.0,2,0,0,1,3,Underserved Region,0.02
Telangana,Medchal?Malkajgiri,2,1.0,0.0,1,1,0,1,3,Underserved Region,0.02
Arunachal Pradesh,Upper Subansiri,107,3.242424242424242,2.2364914351264438,53,42,12,1,3,Underserved Region,0.02
Delhi,South East Delhi,45,1.9565217391304348,0.9759965009980692,32,8,5,1,3,Underserved Region,0.02
West Bengal,West Medinipur,2,1.0,0.0,1,1,0,1,3,Underserved Region,0.02
Andaman & Nicobar Islands,Nicobars,1,1.0,0.0,1,0,0,1,3,Underserved Region,0.02
West Bengal,South 24 Pargana,2,1.0,0.0,1,1,0,1,3,Underserved Region,0.02
Andhra Pradesh,Visakhapatanam,226,226.0,0.0,186,28,12,1,3,Underserved Region,0.02
Arunachal Pradesh,Anjaw,31,2.2142857142857144,1.05090228108783,20,8,3,1,3,Underserved Region,0.02
Arunachal Pradesh,Kamle,25,2.0833333333333335,1.928651593652148,3,20,2,1,3,Underserved Region,0.02
Arunachal Pradesh,Kra Daadi,56,2.6666666666666665,1.390443574307614,15,37,4,1,3,Underserved Region,0.02
West Bengal,Hooghiy,1,1.0,0.0,1,0,0,1,3,Underserved Region,0.02
West Bengal,Hawrah,4,1.3333333333333333,0.5773502691896257,1,3,0,1,3,Underserved Region,0.02
West Bengal,East Midnapur,1,1.0,0.0,1,0,0,1,3,Underserved Region,0.02
Arunachal Pradesh,Kurung Kumey,56,2.5454545454545454,2.5769541401997516,15,29,12,1,3,Underserved Region,0.02
Arunachal Pradesh,Leparada,3,1.0,0.0,0,2,1,1,3,Underserved Region,0.02
West Bengal,Burdwan,2,2.0,0.0,2,0,0,1,3,Underserved Region,0.02
Arunachal Pradesh,Lower Dibang Valley,64,2.4615384615384617,1.3335897189396513,30,32,2,1,3,Underserved Region,0.02
Arunachal Pradesh,Pakke Kessang,3,1.0,0.0,1,1,1,1,3,Underserved Region,0.02
Arunachal Pradesh,Shi-Yomi,23,2.3,1.9465068427541912,7,11,5,1,3,Underserved Region,0.02
100000,100000,195,13.928571428571429,42.37645261538224,0,1,194,1,3,Underserved Region,0.02
Goa,Bardez,1,1.0,0.0,1,0,0,1,3,Underserved Region,0.02
Haryana,Jhajjar *,1,1.0,0.0,0,1,0,1,3,Underserved Region,0.02
Nagaland,Tseminyu,21,1.9090909090909092,0.7006490497453707,5,8,8,1,3,Underserved Region,0.02
Odisha,Anugal,2,1.0,0.0,1,1,0,1,3,Underserved Region,0.02
Orissa,Kendrapara *,1,1.0,0.0,1,0,0,1,3,Underserved Region,0.02
Orissa,Sonapur,8,1.1428571428571428,0.37796447300922725,8,0,0,1,3,Underserved Region,0.02
Orissa,Subarnapur,6,1.5,1.0,6,0,0,1,3,Underserved Region,0.02
Orissa,Sundergarh,1,1.0,0.0,0,1,0,1,3,Underserved Region,0.02
Pondicherry,Yanam,10,1.25,0.4629100498862757,8,2,0,1,3,Underserved Region,0.02
Puducherry,Yanam,5,1.0,0.0,4,1,0,1,3,Underserved Region,0.02
Rajasthan,Balotra,1,1.0,0.0,1,0,0,1,3,Underserved Region,0.02
Rajasthan,Beawar,1,1.0,0.0,1,0,0,1,3,Underserved Region,0.02
Rajasthan,Salumbar,1,1.0,0.0,1,0,0,1,3,Underserved Region,0.02
Tamil Nadu,Namakkal   *,1,1.0,0.0,0,1,0,1,3,Underserved Region,0.02
Telangana,Ranga Reddy,284,284.0,0.0,181,93,10,1,3,Underserved Region,0.02
Tamil Nadu,Tirupathur,3,1.0,0.0,3,0,0,1,3,Underserved Region,0.02
Tamil Nadu,Tiruvarur,1,1.0,0.0,1,0,0,1,3,Underserved Region,0.02
Nagaland,Shamator,207,5.447368421052632,6.79307027038844,3,181,23,1,3,Underserved Region,0.02
Nagaland,Noklak,291,8.314285714285715,21.122571463012832,65,189,37,1,3,Underserved Region,0.02
Nagaland,Meluri,13,1.4444444444444444,1.0137937550497031,2,9,2,1,3,Underserved Region,0.02
Uttar Pradesh,Bagpat,1,1.0,0.0,0,1,0,1,3,Underserved Region,0.02
Jammu & Kashmir,Badgam,1,1.0,0.0,0,1,0,1,3,Underserved Region,0.02
Jammu & Kashmir,Kargil,3,1.0,0.0,2,1,0,1,3,Underserved Region,0.02
Jammu & Kashmir,Punch,1,1.0,0.0,1,0,0,1,3,Underserved Region,0.02
Tamil Nadu,Tuticorin,2,1.0,0.0,1,1,0,1,3,Underserved Region,0.02
Jammu & Kashmir,Rajauri,2,1.0,0.0,1,1,0,1,3,Underserved Region,0.02
Jammu And Kashmir,Shopian,412,412.0,0.0,308,84,20,1,3,Underserved Region,0.02
Karnataka,Ramanagara,204,204.0,0.0,168,24,12,1,3,Underserved Region,0.02
Maharashtra,Hingoli *,1,1.0,0.0,1,0,0,1,3,Underserved Region,0.02
Meghalaya,Kamrup,143,143.0,0.0,13,71,59,1,3,Underserved Region,0.02
Mizoram,Hnahthial,1,1.0,0.0,1,0,0,1,3,Underserved Region,0.02
Jammu And Kashmir,Shupiyan,562,10.407407407407407,9.149736605175859,450,111,1,1,3,Underserved Region,0.019
Chhattisgarh,Narayanpur,693,11.745762711864407,7.055428871685493,394,295,4,1,3,Underserved Region,0.019
Madhya Pradesh,Panna,8846,14.57331136738056,24.398590814557796,6418,2302,126,15,3,Underserved Region,0.016
Bihar,Supaul,9285,8.364864864864865,7.754415230843925,5051,4083,151,23,3,Underserved Region,0.003
Uttar Pradesh,Kushinagar,9344,9.95101171458999,15.326571076345946,3918,5396,30,19,3,Underserved Region,0.0
